supplier_name,sector,supplier_type,rating,on_time_pct,defect_rate_pct,active_discount,speed_class
AutoZone Commercial,Automotive,Parts,A,94.9,2.9,5% Preferred Partner,2-Day Priority
Advance Auto Parts,Automotive,Parts,A,98.5,1.5,5% Preferred Partner,Standard (3-5 Days)
NAPA Auto Parts,Automotive,Parts,B+,90.3,2.8,Net-30 Terms,Next-Day Air
O'Reilly Auto Parts,Automotive,Parts,B+,98.1,2.6,Net-30 Terms,2-Day Priority
Grainger Industrial Supply,Industrial,Parts,A,93.9,3.9,5% Preferred Partner,Standard (3-5 Days)
Fastenal,Industrial,Parts,B,92.5,1.5,No Auth Discount,Standard (3-5 Days)
Global Industrial,Industrial,Parts,B+,92.8,3.8,Net-30 Terms,2-Day Priority
Motion Industries,Industrial,Parts,B,93.7,3.7,No Auth Discount,Next-Day Air
Sears PartsDirect,Appliance,Parts,A,91.9,2.9,5% Preferred Partner,2-Day Priority
RepairClinic,Appliance,Parts,B,90.6,3.1,No Auth Discount,Next-Day Air
AppliancePartsPros,Appliance,Parts,B,93.5,1.5,No Auth Discount,Standard (3-5 Days)
Marcone Supply,Appliance,Parts,A+,92.4,2.4,10% Enterprise Vol,Standard (3-5 Days)
Digi-Key Electronics,Mobile,Parts,A,92.6,3.1,5% Preferred Partner,Next-Day Air
Mouser Electronics,Mobile,Parts,A+,91.3,1.8,10% Enterprise Vol,Standard (3-5 Days)
iFixit Pro,Mobile,Parts,B,90.4,1.9,No Auth Discount,Next-Day Air
MobileSentrix,Mobile,Parts,A,96.7,3.7,5% Preferred Partner,Next-Day Air
AutoNation Certified,Automotive,Product,B+,96.3,0.8,4% Volume,Standard (5-10 Days)
Carvana Direct,Automotive,Product,A+,97.2,1.7,7% Volume,Standard (5-10 Days)
Hendrick Automotive Group,Automotive,Product,A,99.4,1.9,3% Volume,2-Day Priority
Penske Motor Group,Automotive,Product,A,98.6,1.1,5% Volume,Standard (5-10 Days)
Sonic Automotive,Automotive,Product,B+,94.7,1.2,6% Volume,2-Day Priority
Lithia Motors,Automotive,Product,A,92.1,0.6,8% Volume,Standard (5-10 Days)
Siemens Industrial Hub,Industrial,Product,A,96.1,0.6,12% Volume,Freight (14-30 Days)
ABB Global Sales,Industrial,Product,A,95.4,1.9,10% Volume,Freight (14-30 Days)
Caterpillar Distribution,Industrial,Product,A+,97.6,2.1,8% Volume,LTL Freight (10-21 Days)
Rockwell Automation Direct,Industrial,Product,A+,92.0,0.5,15% Volume,Freight (14-30 Days)
Schneider Electric Commercial,Industrial,Product,A,95.4,1.9,11% Volume,LTL Freight (10-21 Days)
Best Buy Appliance Center,Appliance,Product,B+,95.9,2.4,10% Volume,Standard (3-7 Days)
Home Depot Pro,Appliance,Product,A,94.9,1.4,8% Volume,Standard (3-7 Days)
Lowe's Commercial,Appliance,Product,B+,95.1,1.6,12% Volume,Standard (3-7 Days)
AJ Madison Direct,Appliance,Product,B+,95.5,2.0,15% Volume,Next-Day Air
Abt Electronics,Appliance,Product,B+,95.9,2.4,6% Volume,2-Day Priority
P.C. Richard & Son,Appliance,Product,A,94.6,1.1,9% Volume,Standard (3-7 Days)
Apple Authorized Reseller,Mobile,Product,A,97.3,1.8,0% Volume,Next-Day Air
Best Buy Mobile Pro,Mobile,Product,A,93.8,2.3,5% Volume,Next-Day Air
Samsung Direct Store,Mobile,Product,A,95.0,1.5,8% Volume,2-Day Priority
Verizon Business Solutions,Mobile,Product,A+,96.4,0.9,10% Volume,Next-Day Air
T-Mobile for Business,Mobile,Product,B+,97.9,2.4,12% Volume,2-Day Priority
Unified Engineering Partners,Automotive,Parts,B,98.1,3.1,No Auth Discount,Next-Day Air
Rapid Industries Group,Automotive,Parts,A+,90.5,1.0,10% Enterprise Vol,Next-Day Air
Optimal Engineering Solutions,Automotive,Parts,A+,97.1,1.6,10% Enterprise Vol,Next-Day Air
Unified Tech LLC,Automotive,Parts,B,94.4,2.9,No Auth Discount,2-Day Priority
Summit Networks Partners,Automotive,Parts,B+,92.9,2.4,Net-30 Terms,Standard (3-5 Days)
Optimal Manufacturing Ltd.,Automotive,Parts,B,92.4,3.9,No Auth Discount,Standard (3-5 Days)
Elite Services Inc.,Automotive,Parts,B,93.4,2.9,No Auth Discount,2-Day Priority
Apex Networks Corp.,Automotive,Parts,A+,98.2,3.2,10% Enterprise Vol,2-Day Priority
Optimal Solutions Ltd.,Automotive,Parts,B+,91.5,2.0,Net-30 Terms,2-Day Priority
Advanced Components Solutions,Automotive,Parts,A,90.5,2.5,5% Preferred Partner,Next-Day Air
Structural Supply Group,Automotive,Parts,B,97.6,3.1,No Auth Discount,Next-Day Air
Core Industries Group,Automotive,Parts,A,91.2,2.7,5% Preferred Partner,Standard (3-5 Days)
Omni Industries Group,Automotive,Parts,B,92.2,3.7,No Auth Discount,Next-Day Air
Unified Services Ltd.,Automotive,Parts,B,97.5,1.5,No Auth Discount,Standard (3-5 Days)
Prime Systems International,Automotive,Parts,B,96.1,3.1,No Auth Discount,Next-Day Air
Core Works Global,Automotive,Parts,A,96.7,1.7,5% Preferred Partner,2-Day Priority
Prime Parts International,Automotive,Parts,A,96.6,1.1,5% Preferred Partner,2-Day Priority
Unified Industries LLC,Automotive,Parts,B+,97.4,3.4,Net-30 Terms,Next-Day Air
Apex Logistics Solutions,Automotive,Parts,A,95.0,1.5,5% Preferred Partner,Standard (3-5 Days)
Core Services Solutions,Automotive,Parts,B,93.3,1.3,No Auth Discount,Next-Day Air
Core Works Ltd.,Automotive,Parts,B+,92.2,2.2,Net-30 Terms,Next-Day Air
Omni Parts Partners,Automotive,Parts,A,93.1,2.1,5% Preferred Partner,Standard (3-5 Days)
Titan Parts Ltd.,Automotive,Parts,B+,96.2,2.2,Net-30 Terms,Next-Day Air
Precision Parts Inc.,Automotive,Parts,B+,90.8,2.8,Net-30 Terms,Next-Day Air
Apex Dynamics Group,Automotive,Parts,B,93.5,3.5,No Auth Discount,2-Day Priority
Omni Resources Partners,Automotive,Parts,A,94.6,3.1,5% Preferred Partner,Next-Day Air
Core Manufacturing Solutions,Automotive,Parts,B,92.8,1.3,No Auth Discount,Next-Day Air
Optimal Components Corp.,Automotive,Parts,A,91.9,1.9,5% Preferred Partner,Next-Day Air
Titan Parts Partners,Automotive,Parts,A+,93.7,1.2,10% Enterprise Vol,Standard (3-5 Days)
Titan Solutions Global,Automotive,Parts,A,91.2,2.7,5% Preferred Partner,Standard (3-5 Days)
Smart Supply Partners,Automotive,Parts,A+,90.8,3.8,10% Enterprise Vol,2-Day Priority
Prime Works International,Automotive,Parts,B,90.6,1.1,No Auth Discount,2-Day Priority
Core Tech Solutions,Automotive,Parts,B,92.5,2.5,No Auth Discount,Next-Day Air
Titan Parts Corp.,Automotive,Parts,B,91.5,2.5,No Auth Discount,Next-Day Air
Global Resources Inc.,Automotive,Parts,A,94.2,2.7,5% Preferred Partner,Standard (3-5 Days)
Titan Manufacturing Partners,Automotive,Parts,B,95.0,3.5,No Auth Discount,2-Day Priority
Summit Resources Solutions,Automotive,Parts,B,92.0,2.5,No Auth Discount,Next-Day Air
Nexus Dynamics Inc.,Automotive,Parts,B+,94.5,2.0,Net-30 Terms,2-Day Priority
Global Resources Co.,Automotive,Parts,B,90.9,3.9,No Auth Discount,Standard (3-5 Days)
Omni Industries Global,Automotive,Parts,A+,95.4,2.4,10% Enterprise Vol,Standard (3-5 Days)
Precision Services Solutions,Automotive,Parts,A+,90.7,1.2,10% Enterprise Vol,Standard (3-5 Days)
Industrial Components Inc.,Automotive,Parts,A+,97.2,2.2,10% Enterprise Vol,Next-Day Air
Core Works Corp.,Automotive,Parts,A+,94.3,2.8,10% Enterprise Vol,Next-Day Air
Advanced Manufacturing LLC,Automotive,Parts,A,94.6,1.1,5% Preferred Partner,2-Day Priority
Rapid Enterprises Group,Automotive,Parts,A+,95.6,2.6,10% Enterprise Vol,2-Day Priority
Rapid Dynamics Group,Automotive,Parts,B+,98.2,2.2,Net-30 Terms,Next-Day Air
Prime Resources International,Automotive,Parts,B+,97.0,2.0,Net-30 Terms,2-Day Priority
Nexus Resources Solutions,Automotive,Parts,B+,94.3,2.8,Net-30 Terms,Next-Day Air
Global Manufacturing Group,Automotive,Parts,B,97.7,3.7,No Auth Discount,Next-Day Air
Prime Engineering Inc.,Automotive,Parts,B+,90.1,3.6,Net-30 Terms,Standard (3-5 Days)
Global Components Co.,Automotive,Parts,A,90.6,2.1,5% Preferred Partner,Standard (3-5 Days)
Unified Manufacturing Co.,Automotive,Parts,B,92.2,2.7,No Auth Discount,Standard (3-5 Days)
Core Enterprises International,Automotive,Parts,A,97.1,2.1,5% Preferred Partner,Standard (3-5 Days)
Core Works Inc.,Automotive,Parts,B,94.6,3.1,No Auth Discount,Next-Day Air
Dynamic Industries Group,Automotive,Parts,A,91.6,3.1,5% Preferred Partner,Next-Day Air
Summit Networks Corp.,Automotive,Parts,A,96.6,2.1,5% Preferred Partner,Standard (3-5 Days)
Global Components Corp.,Automotive,Parts,A,97.5,1.5,5% Preferred Partner,Standard (3-5 Days)
Summit Networks Co.,Automotive,Parts,B+,98.6,3.6,Net-30 Terms,Standard (3-5 Days)
Eco Components Global,Automotive,Parts,B+,90.5,3.0,Net-30 Terms,Standard (3-5 Days)
Dynamic Tech Inc.,Automotive,Parts,A+,99.1,1.6,10% Enterprise Vol,Next-Day Air
Prime Works Co.,Automotive,Parts,B,91.7,1.7,No Auth Discount,2-Day Priority
Omni Enterprises Group,Automotive,Parts,A+,91.5,2.0,10% Enterprise Vol,2-Day Priority
Prime Systems Ltd.,Automotive,Parts,A+,99.4,3.4,10% Enterprise Vol,Next-Day Air
Dynamic Manufacturing Global,Automotive,Parts,A+,96.9,3.4,10% Enterprise Vol,Next-Day Air
Eco Solutions Corp.,Automotive,Parts,B+,96.0,2.0,Net-30 Terms,2-Day Priority
Titan Services Group,Automotive,Parts,B+,91.5,1.0,Net-30 Terms,Next-Day Air
Optimal Engineering Ltd.,Automotive,Parts,B,92.4,3.9,No Auth Discount,Standard (3-5 Days)
Prime Enterprises Ltd.,Automotive,Parts,A+,90.9,1.4,10% Enterprise Vol,2-Day Priority
Core Networks Partners,Automotive,Parts,B,97.0,3.5,No Auth Discount,2-Day Priority
Eco Resources Partners,Automotive,Parts,A,94.8,1.3,5% Preferred Partner,Next-Day Air
Nexus Manufacturing International,Automotive,Parts,B+,97.5,2.0,Net-30 Terms,2-Day Priority
Vortex Enterprises Solutions,Automotive,Parts,A+,94.9,2.4,10% Enterprise Vol,Standard (3-5 Days)
Vortex Logistics Inc.,Automotive,Parts,A+,96.2,2.2,10% Enterprise Vol,Next-Day Air
Rapid Solutions Solutions,Automotive,Parts,B+,93.3,3.8,Net-30 Terms,2-Day Priority
Prime Engineering LLC,Automotive,Parts,B,98.7,2.7,No Auth Discount,Standard (3-5 Days)
Core Parts Inc.,Automotive,Parts,A,95.2,1.7,5% Preferred Partner,2-Day Priority
Smart Industries Group,Automotive,Parts,B,92.5,1.5,No Auth Discount,Standard (3-5 Days)
Unified Parts LLC,Automotive,Parts,B,96.8,3.3,No Auth Discount,Standard (3-5 Days)
Apex Logistics Global,Automotive,Parts,A+,93.0,2.0,10% Enterprise Vol,2-Day Priority
Eco Networks Global,Automotive,Parts,B+,93.2,2.2,Net-30 Terms,Next-Day Air
Nexus Industries Solutions,Automotive,Parts,A,96.2,2.7,5% Preferred Partner,Standard (3-5 Days)
Titan Networks Partners,Automotive,Parts,B,93.2,3.7,No Auth Discount,Next-Day Air
Apex Systems Group,Automotive,Parts,B+,99.0,3.0,Net-30 Terms,Standard (3-5 Days)
Apex Supply Co.,Automotive,Parts,A+,96.3,2.8,10% Enterprise Vol,Next-Day Air
Optimal Logistics International,Automotive,Parts,A,96.4,3.9,5% Preferred Partner,Standard (3-5 Days)
Summit Logistics Inc.,Automotive,Parts,A+,98.9,1.4,10% Enterprise Vol,2-Day Priority
Optimal Dynamics Solutions,Automotive,Parts,A+,95.8,2.8,10% Enterprise Vol,Next-Day Air
Advanced Works Partners,Automotive,Parts,A+,92.7,1.2,10% Enterprise Vol,Standard (3-5 Days)
Vortex Works Partners,Automotive,Parts,B+,93.5,3.0,Net-30 Terms,Standard (3-5 Days)
Summit Resources Partners,Automotive,Parts,B+,99.3,2.8,Net-30 Terms,Next-Day Air
Eco Works Partners,Automotive,Parts,B,97.3,1.3,No Auth Discount,Next-Day Air
Omni Engineering Inc.,Automotive,Parts,B,97.2,1.7,No Auth Discount,2-Day Priority
Industrial Components LLC,Automotive,Parts,B,96.8,1.3,No Auth Discount,Next-Day Air
Smart Services Global,Automotive,Parts,A+,92.5,3.0,10% Enterprise Vol,Standard (3-5 Days)
Nexus Services Solutions,Automotive,Parts,A,95.4,1.9,5% Preferred Partner,Next-Day Air
Eco Solutions Co.,Automotive,Parts,A+,94.7,2.2,10% Enterprise Vol,Next-Day Air
Titan Solutions Ltd.,Automotive,Parts,B+,98.8,1.8,Net-30 Terms,Standard (3-5 Days)
Eco Tech Co.,Automotive,Parts,A,91.0,2.5,5% Preferred Partner,Next-Day Air
Precision Resources Ltd.,Automotive,Parts,A+,90.7,1.2,10% Enterprise Vol,Standard (3-5 Days)
Smart Systems Global,Automotive,Parts,A+,97.9,3.4,10% Enterprise Vol,Next-Day Air
Eco Enterprises Co.,Automotive,Parts,A,93.7,1.7,5% Preferred Partner,2-Day Priority
Apex Solutions Solutions,Automotive,Parts,B,95.1,2.1,No Auth Discount,Standard (3-5 Days)
Precision Tech International,Automotive,Parts,B+,99.2,1.2,Net-30 Terms,Standard (3-5 Days)
Smart Parts LLC,Automotive,Parts,B,99.1,2.1,No Auth Discount,Standard (3-5 Days)
Apex Engineering Partners,Automotive,Parts,A,91.3,2.3,5% Preferred Partner,2-Day Priority
Eco Systems Solutions,Automotive,Parts,B,99.2,1.7,No Auth Discount,2-Day Priority
Elite Industries Partners,Automotive,Parts,B+,92.8,2.8,Net-30 Terms,Next-Day Air
Rapid Tech Solutions,Automotive,Parts,B,93.8,2.3,No Auth Discount,2-Day Priority
Optimal Logistics Group,Automotive,Parts,A+,96.7,2.2,10% Enterprise Vol,Next-Day Air
Titan Networks Inc.,Automotive,Parts,A+,93.5,2.0,10% Enterprise Vol,2-Day Priority
Industrial Networks Corp.,Automotive,Parts,B,94.1,1.1,No Auth Discount,2-Day Priority
Omni Resources Solutions,Automotive,Parts,B+,95.0,2.0,Net-30 Terms,2-Day Priority
Smart Parts Ltd.,Automotive,Parts,B,94.0,2.5,No Auth Discount,Next-Day Air
Industrial Resources Partners,Automotive,Parts,B+,95.3,3.8,Net-30 Terms,2-Day Priority
Vortex Industries Solutions,Automotive,Parts,A,94.4,3.9,5% Preferred Partner,Standard (3-5 Days)
Unified Services LLC,Automotive,Parts,B+,91.6,3.6,Net-30 Terms,Standard (3-5 Days)
Omni Resources Group,Automotive,Parts,B+,97.1,1.6,Net-30 Terms,Next-Day Air
Unified Services Inc.,Automotive,Parts,A,94.0,2.5,5% Preferred Partner,Next-Day Air
Precision Enterprises Ltd.,Automotive,Product,A+,95.3,1.8,10% Enterprise Vol,Standard (3-5 Days)
Elite Tech Global,Automotive,Product,A,90.9,2.9,5% Preferred Partner,2-Day Priority
Core Enterprises Co.,Automotive,Product,A,95.7,2.7,5% Preferred Partner,Standard (3-5 Days)
Omni Systems Ltd.,Automotive,Product,B+,99.4,3.4,Net-30 Terms,Next-Day Air
Prime Works Group,Automotive,Product,B,94.3,1.3,No Auth Discount,Next-Day Air
Unified Systems LLC,Automotive,Product,B,91.3,1.3,No Auth Discount,Next-Day Air
Titan Engineering Ltd.,Automotive,Product,B+,90.3,1.8,Net-30 Terms,Standard (3-5 Days)
Smart Engineering Co.,Automotive,Product,B,95.9,1.9,No Auth Discount,Next-Day Air
Global Solutions Inc.,Automotive,Product,A,94.6,2.1,5% Preferred Partner,Standard (3-5 Days)
Omni Resources LLC,Automotive,Product,A,98.5,2.5,5% Preferred Partner,Next-Day Air
Prime Networks Solutions,Automotive,Product,A,95.4,3.9,5% Preferred Partner,Standard (3-5 Days)
Apex Parts International,Automotive,Product,B,94.9,1.9,No Auth Discount,Next-Day Air
Vortex Supply Co.,Automotive,Product,A,94.6,1.1,5% Preferred Partner,2-Day Priority
Prime Supply Ltd.,Automotive,Product,B,90.4,2.9,No Auth Discount,2-Day Priority
Unified Resources Co.,Automotive,Product,B,90.3,3.3,No Auth Discount,Standard (3-5 Days)
Vortex Tech Global,Automotive,Product,A+,99.1,1.6,10% Enterprise Vol,Next-Day Air
Unified Dynamics International,Automotive,Product,A,99.2,1.7,5% Preferred Partner,2-Day Priority
Apex Parts Partners,Automotive,Product,B+,98.5,1.0,Net-30 Terms,Next-Day Air
Core Industries Inc.,Automotive,Product,B,98.0,1.5,No Auth Discount,Standard (3-5 Days)
Nexus Tech Ltd.,Automotive,Product,A+,94.7,3.2,10% Enterprise Vol,2-Day Priority
Elite Parts Global,Automotive,Product,B+,99.2,1.2,Net-30 Terms,Standard (3-5 Days)
Structural Solutions Corp.,Automotive,Product,A,96.1,1.1,5% Preferred Partner,2-Day Priority
Eco Logistics Solutions,Automotive,Product,A,98.0,1.5,5% Preferred Partner,Standard (3-5 Days)
Precision Systems Ltd.,Automotive,Product,B,99.4,2.9,No Auth Discount,2-Day Priority
Dynamic Engineering Group,Automotive,Product,B+,94.4,2.4,Net-30 Terms,Standard (3-5 Days)
Titan Logistics International,Automotive,Product,A,94.4,1.9,5% Preferred Partner,Next-Day Air
Dynamic Logistics Solutions,Automotive,Product,B,92.6,1.1,No Auth Discount,2-Day Priority
Prime Components Co.,Automotive,Product,B+,99.0,2.0,Net-30 Terms,2-Day Priority
Core Works LLC,Automotive,Product,A+,97.9,3.4,10% Enterprise Vol,Next-Day Air
Nexus Dynamics Global,Automotive,Product,B,97.7,1.7,No Auth Discount,2-Day Priority
Titan Industries Partners,Automotive,Product,A+,97.2,1.2,10% Enterprise Vol,Standard (3-5 Days)
Rapid Components Corp.,Automotive,Product,A+,91.4,1.4,10% Enterprise Vol,2-Day Priority
Elite Systems Co.,Automotive,Product,B+,96.6,2.6,Net-30 Terms,2-Day Priority
Apex Supply Inc.,Automotive,Product,B,92.8,2.3,No Auth Discount,2-Day Priority
Optimal Networks Solutions,Automotive,Product,B+,91.7,2.2,Net-30 Terms,Next-Day Air
Summit Systems Inc.,Automotive,Product,A,95.6,2.1,5% Preferred Partner,Standard (3-5 Days)
Unified Resources Group,Automotive,Product,B+,97.1,2.6,Net-30 Terms,2-Day Priority
Rapid Manufacturing Co.,Automotive,Product,A+,96.3,2.8,10% Enterprise Vol,Next-Day Air
Prime Solutions International,Automotive,Product,B+,91.8,2.8,Net-30 Terms,Next-Day Air
Precision Solutions Corp.,Automotive,Product,A+,99.2,3.2,10% Enterprise Vol,2-Day Priority
Vortex Solutions Global,Automotive,Product,B+,97.4,1.4,Net-30 Terms,2-Day Priority
Elite Supply LLC,Automotive,Product,A+,98.1,3.6,10% Enterprise Vol,Standard (3-5 Days)
Core Tech Ltd.,Automotive,Product,B,98.0,2.5,No Auth Discount,Next-Day Air
Global Industries Solutions,Automotive,Product,A,93.4,2.9,5% Preferred Partner,2-Day Priority
Advanced Dynamics Inc.,Automotive,Product,A,90.8,1.3,5% Preferred Partner,Next-Day Air
Eco Components Solutions,Automotive,Product,B+,93.5,1.0,Net-30 Terms,Next-Day Air
Core Works International,Automotive,Product,A,95.6,3.1,5% Preferred Partner,Next-Day Air
Nexus Engineering Inc.,Automotive,Product,B+,98.7,1.2,Net-30 Terms,Standard (3-5 Days)
Smart Resources LLC,Automotive,Product,A+,96.7,3.2,10% Enterprise Vol,2-Day Priority
Rapid Enterprises International,Automotive,Product,A+,92.0,3.0,10% Enterprise Vol,Standard (3-5 Days)
Rapid Manufacturing Partners,Automotive,Product,A+,91.1,3.6,10% Enterprise Vol,Standard (3-5 Days)
Optimal Supply Partners,Automotive,Product,B,92.4,1.9,No Auth Discount,Next-Day Air
Rapid Resources Inc.,Automotive,Product,B+,99.0,2.0,Net-30 Terms,2-Day Priority
Nexus Networks Solutions,Automotive,Product,B,91.2,3.7,No Auth Discount,Next-Day Air
Industrial Enterprises Partners,Automotive,Product,B+,93.6,1.6,Net-30 Terms,Next-Day Air
Global Enterprises Global,Automotive,Product,A,98.9,2.9,5% Preferred Partner,2-Day Priority
Core Resources Partners,Automotive,Product,A,91.8,2.3,5% Preferred Partner,2-Day Priority
Vortex Enterprises Group,Automotive,Product,B+,91.3,3.8,Net-30 Terms,2-Day Priority
Precision Resources Group,Automotive,Product,A+,98.4,3.4,10% Enterprise Vol,Next-Day Air
Dynamic Logistics Partners,Automotive,Product,B,90.3,2.3,No Auth Discount,2-Day Priority
Optimal Tech Corp.,Automotive,Product,A+,91.3,2.8,10% Enterprise Vol,Next-Day Air
Omni Engineering LLC,Automotive,Product,A,94.8,2.3,5% Preferred Partner,2-Day Priority
Titan Tech Group,Automotive,Product,B,97.3,3.3,No Auth Discount,Standard (3-5 Days)
Omni Systems Global,Automotive,Product,A,96.9,1.9,5% Preferred Partner,Next-Day Air
Global Parts Global,Automotive,Product,A+,95.2,2.2,10% Enterprise Vol,Next-Day Air
Structural Logistics Partners,Automotive,Product,A,92.2,3.7,5% Preferred Partner,Next-Day Air
Prime Manufacturing Ltd.,Automotive,Product,A,95.6,3.1,5% Preferred Partner,Next-Day Air
Titan Systems Partners,Automotive,Product,A+,99.3,1.8,10% Enterprise Vol,Standard (3-5 Days)
Apex Tech Group,Automotive,Product,B+,98.2,3.2,Net-30 Terms,2-Day Priority
Nexus Tech Corp.,Automotive,Product,A,91.2,3.7,5% Preferred Partner,Next-Day Air
Prime Services Co.,Automotive,Product,A,93.6,1.1,5% Preferred Partner,2-Day Priority
Structural Services Group,Automotive,Product,B,95.6,2.1,No Auth Discount,Standard (3-5 Days)
Structural Industries Inc.,Automotive,Product,B,93.7,1.7,No Auth Discount,2-Day Priority
Advanced Components Group,Automotive,Product,B+,97.1,1.6,Net-30 Terms,Next-Day Air
Summit Parts Partners,Automotive,Product,A+,96.4,2.4,10% Enterprise Vol,Standard (3-5 Days)
Summit Logistics Group,Automotive,Product,B,93.6,2.1,No Auth Discount,Standard (3-5 Days)
Rapid Parts Inc.,Automotive,Product,A+,93.2,2.2,10% Enterprise Vol,Next-Day Air
Precision Solutions Partners,Automotive,Product,B,93.1,2.1,No Auth Discount,Standard (3-5 Days)
Apex Dynamics Global,Automotive,Product,A,90.8,1.3,5% Preferred Partner,Next-Day Air
Omni Industries Global,Automotive,Product,A+,95.4,2.4,10% Enterprise Vol,Standard (3-5 Days)
Nexus Systems Co.,Automotive,Product,A,92.1,1.1,5% Preferred Partner,2-Day Priority
Core Networks Solutions,Automotive,Product,B+,97.1,2.6,Net-30 Terms,2-Day Priority
Omni Networks Co.,Automotive,Product,A,90.6,2.1,5% Preferred Partner,Standard (3-5 Days)
Summit Components Group,Automotive,Product,A+,98.6,3.6,10% Enterprise Vol,Standard (3-5 Days)
Global Resources Inc.,Automotive,Product,A,94.2,2.7,5% Preferred Partner,Standard (3-5 Days)
Omni Solutions Corp.,Automotive,Product,B,98.8,2.3,No Auth Discount,2-Day Priority
Smart Industries Ltd.,Automotive,Product,B+,98.6,1.6,Net-30 Terms,Next-Day Air
Dynamic Works Corp.,Automotive,Product,B+,96.1,1.6,Net-30 Terms,Next-Day Air
Nexus Resources Ltd.,Automotive,Product,A,97.7,2.7,5% Preferred Partner,Standard (3-5 Days)
Rapid Works Inc.,Automotive,Product,A,91.4,3.9,5% Preferred Partner,Standard (3-5 Days)
Rapid Resources International,Automotive,Product,B+,92.3,3.8,Net-30 Terms,2-Day Priority
Eco Dynamics Global,Automotive,Product,B+,95.4,1.4,Net-30 Terms,2-Day Priority
Industrial Components Solutions,Automotive,Product,A+,93.1,2.6,10% Enterprise Vol,2-Day Priority
Omni Tech Global,Automotive,Product,A+,97.3,3.8,10% Enterprise Vol,2-Day Priority
Industrial Engineering Global,Automotive,Product,B+,94.7,1.2,Net-30 Terms,Standard (3-5 Days)
Precision Components Partners,Automotive,Product,A,92.7,1.7,5% Preferred Partner,2-Day Priority
Omni Manufacturing LLC,Automotive,Product,B,94.0,2.5,No Auth Discount,Next-Day Air
Rapid Logistics Global,Automotive,Product,B,95.0,2.5,No Auth Discount,Next-Day Air
Vortex Supply Inc.,Automotive,Product,B,90.2,1.7,No Auth Discount,2-Day Priority
Optimal Supply Group,Automotive,Product,A+,93.0,3.0,10% Enterprise Vol,Standard (3-5 Days)
Global Systems Solutions,Automotive,Product,A,93.9,2.9,5% Preferred Partner,2-Day Priority
Summit Resources International,Automotive,Product,B+,97.9,2.4,Net-30 Terms,Standard (3-5 Days)
Titan Components Co.,Automotive,Product,A,92.2,2.7,5% Preferred Partner,Standard (3-5 Days)
Optimal Enterprises International,Automotive,Product,A,90.1,1.1,5% Preferred Partner,2-Day Priority
Vortex Works Solutions,Automotive,Product,B+,94.3,3.8,Net-30 Terms,2-Day Priority
Rapid Networks Global,Automotive,Product,B+,96.3,2.8,Net-30 Terms,Next-Day Air
Precision Resources International,Automotive,Product,A+,98.5,2.0,10% Enterprise Vol,2-Day Priority
Apex Dynamics Solutions,Automotive,Product,A+,96.9,2.4,10% Enterprise Vol,Standard (3-5 Days)
Advanced Systems Co.,Automotive,Product,B,91.1,2.1,No Auth Discount,Standard (3-5 Days)
Elite Works Corp.,Automotive,Product,A,91.1,2.1,5% Preferred Partner,Standard (3-5 Days)
Advanced Industries International,Automotive,Product,B+,95.6,3.6,Net-30 Terms,Standard (3-5 Days)
Precision Parts Inc.,Automotive,Product,B+,90.8,2.8,Net-30 Terms,Next-Day Air
Precision Services Global,Automotive,Product,A+,98.3,2.8,10% Enterprise Vol,Next-Day Air
Industrial Works Corp.,Automotive,Product,A+,97.1,1.6,10% Enterprise Vol,Next-Day Air
Elite Tech LLC,Automotive,Product,A,98.8,1.3,5% Preferred Partner,Next-Day Air
Unified Parts Corp.,Automotive,Product,B+,91.2,3.2,Net-30 Terms,2-Day Priority
Prime Works Corp.,Automotive,Product,A+,95.2,3.2,10% Enterprise Vol,2-Day Priority
Core Parts Group,Industrial,Parts,A,94.3,1.3,5% Preferred Partner,Next-Day Air
Structural Engineering Partners,Industrial,Parts,A,91.0,2.5,5% Preferred Partner,Next-Day Air
Summit Manufacturing Inc.,Industrial,Parts,B,95.2,3.7,No Auth Discount,Next-Day Air
Optimal Works Group,Industrial,Parts,A,94.8,3.3,5% Preferred Partner,Standard (3-5 Days)
Summit Supply Corp.,Industrial,Parts,A+,91.8,3.8,10% Enterprise Vol,2-Day Priority
Elite Parts Co.,Industrial,Parts,A,90.1,3.1,5% Preferred Partner,Next-Day Air
Smart Dynamics LLC,Industrial,Parts,B,92.7,1.7,No Auth Discount,2-Day Priority
Dynamic Supply International,Industrial,Parts,A,94.6,3.1,5% Preferred Partner,Next-Day Air
Dynamic Industries International,Industrial,Parts,B,97.3,3.3,No Auth Discount,Standard (3-5 Days)
Rapid Components LLC,Industrial,Parts,B+,90.8,1.8,Net-30 Terms,Standard (3-5 Days)
Nexus Networks Global,Industrial,Parts,B+,93.6,3.6,Net-30 Terms,Standard (3-5 Days)
Eco Supply Partners,Industrial,Parts,B,90.0,2.5,No Auth Discount,Next-Day Air
Structural Engineering Solutions,Industrial,Parts,B,99.3,2.3,No Auth Discount,2-Day Priority
Precision Resources Solutions,Industrial,Parts,B+,98.3,2.8,Net-30 Terms,Next-Day Air
Summit Engineering Global,Industrial,Parts,A,97.6,2.1,5% Preferred Partner,Standard (3-5 Days)
Unified Tech Ltd.,Industrial,Parts,A,94.5,3.5,5% Preferred Partner,2-Day Priority
Unified Parts Corp.,Industrial,Parts,B+,91.2,3.2,Net-30 Terms,2-Day Priority
Precision Logistics Corp.,Industrial,Parts,B,94.7,3.7,No Auth Discount,Next-Day Air
Dynamic Tech Co.,Industrial,Parts,B+,96.0,2.0,Net-30 Terms,2-Day Priority
Optimal Systems International,Industrial,Parts,B,99.1,2.1,No Auth Discount,Standard (3-5 Days)
Titan Manufacturing Group,Industrial,Parts,A,98.8,3.3,5% Preferred Partner,Standard (3-5 Days)
Titan Industries Partners,Industrial,Parts,A+,97.2,1.2,10% Enterprise Vol,Standard (3-5 Days)
Prime Services Inc.,Industrial,Parts,A+,96.2,2.2,10% Enterprise Vol,Next-Day Air
Unified Industries Ltd.,Industrial,Parts,B+,91.8,3.8,Net-30 Terms,2-Day Priority
Unified Supply Partners,Industrial,Parts,A,97.4,1.9,5% Preferred Partner,Next-Day Air
Elite Enterprises Global,Industrial,Parts,A+,98.4,2.4,10% Enterprise Vol,Standard (3-5 Days)
Unified Manufacturing Co.,Industrial,Parts,B,92.2,2.7,No Auth Discount,Standard (3-5 Days)
Summit Supply LLC,Industrial,Parts,A+,93.8,1.8,10% Enterprise Vol,Standard (3-5 Days)
Apex Systems Global,Industrial,Parts,B+,95.9,1.4,Net-30 Terms,2-Day Priority
Eco Parts International,Industrial,Parts,B+,96.0,2.0,Net-30 Terms,2-Day Priority
Structural Manufacturing Global,Industrial,Parts,A,91.8,1.3,5% Preferred Partner,Next-Day Air
Optimal Services International,Industrial,Parts,A,98.9,3.9,5% Preferred Partner,Standard (3-5 Days)
Eco Enterprises Inc.,Industrial,Parts,A,90.5,3.5,5% Preferred Partner,2-Day Priority
Smart Manufacturing Global,Industrial,Parts,A+,98.5,3.0,10% Enterprise Vol,Standard (3-5 Days)
Summit Supply Inc.,Industrial,Parts,B+,95.1,2.6,Net-30 Terms,2-Day Priority
Omni Manufacturing Ltd.,Industrial,Parts,A+,99.3,2.8,10% Enterprise Vol,Next-Day Air
Structural Manufacturing Group,Industrial,Parts,A,96.6,1.1,5% Preferred Partner,2-Day Priority
Eco Works Ltd.,Industrial,Parts,A,91.2,2.7,5% Preferred Partner,Standard (3-5 Days)
Prime Enterprises Global,Industrial,Parts,A,90.8,2.3,5% Preferred Partner,2-Day Priority
Advanced Works International,Industrial,Parts,A+,91.0,3.0,10% Enterprise Vol,Standard (3-5 Days)
Optimal Logistics International,Industrial,Parts,A,96.4,3.9,5% Preferred Partner,Standard (3-5 Days)
Structural Manufacturing Ltd.,Industrial,Parts,A,98.1,2.1,5% Preferred Partner,Standard (3-5 Days)
Global Supply Group,Industrial,Parts,B+,98.4,2.4,Net-30 Terms,Standard (3-5 Days)
Dynamic Manufacturing Solutions,Industrial,Parts,B,94.7,2.7,No Auth Discount,Standard (3-5 Days)
Advanced Parts Partners,Industrial,Parts,A+,93.7,1.2,10% Enterprise Vol,Standard (3-5 Days)
Eco Tech Corp.,Industrial,Parts,B+,93.6,2.6,Net-30 Terms,2-Day Priority
Precision Logistics Inc.,Industrial,Parts,A,95.5,3.5,5% Preferred Partner,2-Day Priority
Titan Networks Partners,Industrial,Parts,B,93.2,3.7,No Auth Discount,Next-Day Air
Optimal Manufacturing Solutions,Industrial,Parts,A,91.2,1.7,5% Preferred Partner,2-Day Priority
Titan Works Group,Industrial,Parts,A+,94.4,3.4,10% Enterprise Vol,Next-Day Air
Precision Works Global,Industrial,Parts,B,90.5,2.5,No Auth Discount,Next-Day Air
Core Networks Partners,Industrial,Parts,B,97.0,3.5,No Auth Discount,2-Day Priority
Unified Components Inc.,Industrial,Parts,A,92.4,1.9,5% Preferred Partner,Next-Day Air
Omni Supply Inc.,Industrial,Parts,A+,94.0,2.0,10% Enterprise Vol,2-Day Priority
Core Enterprises Global,Industrial,Parts,A,96.6,2.1,5% Preferred Partner,Standard (3-5 Days)
Industrial Parts Solutions,Industrial,Parts,B+,95.8,3.8,Net-30 Terms,2-Day Priority
Precision Networks Global,Industrial,Parts,A,94.3,2.3,5% Preferred Partner,2-Day Priority
Structural Components Co.,Industrial,Parts,B+,90.1,1.6,Net-30 Terms,Next-Day Air
Precision Industries Co.,Industrial,Parts,A,92.6,1.1,5% Preferred Partner,2-Day Priority
Precision Systems Group,Industrial,Parts,A,94.0,3.5,5% Preferred Partner,2-Day Priority
Vortex Components Inc.,Industrial,Parts,A+,91.2,3.2,10% Enterprise Vol,2-Day Priority
Vortex Engineering Global,Industrial,Parts,B,95.1,1.1,No Auth Discount,2-Day Priority
Prime Enterprises Inc.,Industrial,Parts,B+,97.3,3.8,Net-30 Terms,2-Day Priority
Dynamic Logistics Ltd.,Industrial,Parts,A,96.8,1.3,5% Preferred Partner,Next-Day Air
Eco Tech Co.,Industrial,Parts,A,91.0,2.5,5% Preferred Partner,Next-Day Air
Smart Manufacturing Partners,Industrial,Parts,A+,91.1,3.6,10% Enterprise Vol,Standard (3-5 Days)
Smart Enterprises International,Industrial,Parts,B+,93.5,2.0,Net-30 Terms,2-Day Priority
Dynamic Tech Inc.,Industrial,Parts,A+,99.1,1.6,10% Enterprise Vol,Next-Day Air
Apex Dynamics International,Industrial,Parts,A+,92.9,3.4,10% Enterprise Vol,Next-Day Air
Nexus Works Partners,Industrial,Parts,A+,90.0,2.0,10% Enterprise Vol,2-Day Priority
Omni Systems Partners,Industrial,Parts,A+,98.8,1.8,10% Enterprise Vol,Standard (3-5 Days)
Unified Logistics Co.,Industrial,Parts,A,96.5,3.5,5% Preferred Partner,2-Day Priority
Unified Supply Solutions,Industrial,Parts,B+,98.6,1.6,Net-30 Terms,Next-Day Air
Rapid Parts Partners,Industrial,Parts,A+,93.7,2.2,10% Enterprise Vol,Next-Day Air
Prime Components Corp.,Industrial,Parts,B+,92.4,3.4,Net-30 Terms,Next-Day Air
Advanced Tech Inc.,Industrial,Parts,A,97.8,2.3,5% Preferred Partner,2-Day Priority
Core Components Group,Industrial,Parts,A,95.5,2.5,5% Preferred Partner,Next-Day Air
Eco Systems International,Industrial,Parts,B,94.7,2.7,No Auth Discount,Standard (3-5 Days)
Unified Engineering LLC,Industrial,Parts,B+,90.1,1.6,Net-30 Terms,Next-Day Air
Precision Manufacturing International,Industrial,Parts,B+,93.0,3.0,Net-30 Terms,Standard (3-5 Days)
Global Services Solutions,Industrial,Parts,A+,92.5,2.0,10% Enterprise Vol,2-Day Priority
Summit Components Ltd.,Industrial,Parts,A,93.8,2.3,5% Preferred Partner,2-Day Priority
Nexus Parts Corp.,Industrial,Parts,A+,91.4,3.4,10% Enterprise Vol,Next-Day Air
Eco Parts Corp.,Industrial,Parts,B,96.7,2.7,No Auth Discount,Standard (3-5 Days)
Prime Solutions Inc.,Industrial,Parts,A+,90.7,3.2,10% Enterprise Vol,2-Day Priority
Vortex Manufacturing LLC,Industrial,Parts,A,90.4,2.9,5% Preferred Partner,2-Day Priority
Unified Components Corp.,Industrial,Parts,A,92.5,1.5,5% Preferred Partner,Standard (3-5 Days)
Summit Solutions Partners,Industrial,Parts,B+,92.2,2.2,Net-30 Terms,Next-Day Air
Apex Tech LLC,Industrial,Parts,A+,93.3,3.8,10% Enterprise Vol,2-Day Priority
Eco Dynamics LLC,Industrial,Parts,B+,92.9,2.4,Net-30 Terms,Standard (3-5 Days)
Eco Supply Corp.,Industrial,Parts,A,90.2,2.7,5% Preferred Partner,Standard (3-5 Days)
Omni Industries Partners,Industrial,Parts,B+,98.3,2.8,Net-30 Terms,Next-Day Air
Advanced Logistics LLC,Industrial,Parts,A+,93.7,3.2,10% Enterprise Vol,2-Day Priority
Core Logistics Co.,Industrial,Parts,A,91.3,2.3,5% Preferred Partner,2-Day Priority
Core Tech Partners,Industrial,Parts,A+,94.7,3.2,10% Enterprise Vol,2-Day Priority
Precision Networks Corp.,Industrial,Parts,A,96.4,1.9,5% Preferred Partner,Next-Day Air
Global Engineering LLC,Industrial,Parts,B,90.1,2.1,No Auth Discount,Standard (3-5 Days)
Precision Enterprises Global,Industrial,Parts,A,94.3,3.3,5% Preferred Partner,Standard (3-5 Days)
Omni Industries Solutions,Industrial,Parts,A+,93.2,1.2,10% Enterprise Vol,Standard (3-5 Days)
Apex Services Partners,Industrial,Parts,A,95.3,2.3,5% Preferred Partner,2-Day Priority
Summit Tech International,Industrial,Parts,B+,98.0,1.0,Net-30 Terms,Next-Day Air
Titan Services International,Industrial,Parts,A+,92.7,2.2,10% Enterprise Vol,Next-Day Air
Eco Industries Global,Industrial,Parts,B+,93.5,2.0,Net-30 Terms,2-Day Priority
Precision Services Partners,Industrial,Parts,A+,90.8,3.8,10% Enterprise Vol,2-Day Priority
Optimal Networks Co.,Industrial,Parts,A+,91.9,3.4,10% Enterprise Vol,Next-Day Air
Summit Services Partners,Industrial,Parts,B,91.5,1.5,No Auth Discount,Standard (3-5 Days)
Nexus Dynamics Inc.,Industrial,Parts,B+,94.5,2.0,Net-30 Terms,2-Day Priority
Industrial Dynamics Ltd.,Industrial,Parts,A,92.0,3.5,5% Preferred Partner,2-Day Priority
Global Parts Corp.,Industrial,Parts,A+,98.6,1.6,10% Enterprise Vol,Next-Day Air
Vortex Parts Ltd.,Industrial,Parts,A,92.3,2.3,5% Preferred Partner,2-Day Priority
Industrial Networks Partners,Industrial,Parts,B+,95.8,3.8,Net-30 Terms,2-Day Priority
Summit Logistics Inc.,Industrial,Parts,A+,98.9,1.4,10% Enterprise Vol,2-Day Priority
Titan Industries Corp.,Industrial,Parts,B,96.8,1.3,No Auth Discount,Next-Day Air
Precision Services International,Industrial,Parts,B,94.4,1.9,No Auth Discount,Next-Day Air
Rapid Logistics Group,Industrial,Parts,A,97.3,2.3,5% Preferred Partner,2-Day Priority
Optimal Industries Ltd.,Industrial,Parts,B,97.5,3.5,No Auth Discount,2-Day Priority
Omni Systems Ltd.,Industrial,Parts,B+,99.4,3.4,Net-30 Terms,Next-Day Air
Apex Works Ltd.,Industrial,Parts,A+,95.5,3.0,10% Enterprise Vol,Standard (3-5 Days)
Unified Tech Group,Industrial,Parts,A,93.5,2.5,5% Preferred Partner,Next-Day Air
Dynamic Manufacturing Inc.,Industrial,Product,B,92.4,3.9,No Auth Discount,Standard (3-5 Days)
Elite Supply International,Industrial,Product,B+,95.0,2.0,Net-30 Terms,2-Day Priority
Apex Resources International,Industrial,Product,B,97.9,1.9,No Auth Discount,Next-Day Air
Advanced Parts Solutions,Industrial,Product,B,97.6,3.1,No Auth Discount,Next-Day Air
Industrial Logistics Global,Industrial,Product,B,96.7,3.7,No Auth Discount,Next-Day Air
Titan Works Partners,Industrial,Product,B,98.0,1.5,No Auth Discount,Standard (3-5 Days)
Nexus Supply Global,Industrial,Product,B,97.2,1.7,No Auth Discount,2-Day Priority
Dynamic Dynamics International,Industrial,Product,A+,92.2,3.2,10% Enterprise Vol,2-Day Priority
Elite Works LLC,Industrial,Product,B,95.1,2.1,No Auth Discount,Standard (3-5 Days)
Precision Systems Global,Industrial,Product,A+,98.4,1.4,10% Enterprise Vol,2-Day Priority
Summit Services Corp.,Industrial,Product,A,93.6,3.1,5% Preferred Partner,Next-Day Air
Elite Engineering Solutions,Industrial,Product,B+,92.9,3.4,Net-30 Terms,Next-Day Air
Advanced Networks Co.,Industrial,Product,B,91.7,2.7,No Auth Discount,Standard (3-5 Days)
Optimal Engineering Group,Industrial,Product,A,93.8,1.3,5% Preferred Partner,Next-Day Air
Industrial Industries Group,Industrial,Product,A,97.5,2.5,5% Preferred Partner,Next-Day Air
Optimal Resources Group,Industrial,Product,B,97.9,1.9,No Auth Discount,Next-Day Air
Industrial Solutions Inc.,Industrial,Product,A+,94.6,3.6,10% Enterprise Vol,Standard (3-5 Days)
Structural Parts Group,Industrial,Product,A,91.9,2.9,5% Preferred Partner,2-Day Priority
Dynamic Industries Global,Industrial,Product,A,95.5,3.5,5% Preferred Partner,2-Day Priority
Dynamic Industries Ltd.,Industrial,Product,A+,97.5,3.0,10% Enterprise Vol,Standard (3-5 Days)
Structural Resources International,Industrial,Product,B,91.9,3.9,No Auth Discount,Standard (3-5 Days)
Eco Tech Ltd.,Industrial,Product,B,92.9,1.9,No Auth Discount,Next-Day Air
Elite Parts Co.,Industrial,Product,A,90.1,3.1,5% Preferred Partner,Next-Day Air
Precision Engineering Corp.,Industrial,Product,B,99.2,1.7,No Auth Discount,2-Day Priority
Nexus Supply Inc.,Industrial,Product,B,90.7,1.7,No Auth Discount,2-Day Priority
Industrial Industries LLC,Industrial,Product,A+,90.3,2.8,10% Enterprise Vol,Next-Day Air
Rapid Resources Inc.,Industrial,Product,B+,99.0,2.0,Net-30 Terms,2-Day Priority
Industrial Logistics Co.,Industrial,Product,B,92.6,3.1,No Auth Discount,Next-Day Air
Eco Logistics Ltd.,Industrial,Product,A,92.3,2.3,5% Preferred Partner,2-Day Priority
Apex Components Global,Industrial,Product,B+,93.6,1.6,Net-30 Terms,Next-Day Air
Prime Systems International,Industrial,Product,B,96.1,3.1,No Auth Discount,Next-Day Air
Dynamic Supply Ltd.,Industrial,Product,A+,96.7,3.2,10% Enterprise Vol,2-Day Priority
Unified Solutions Partners,Industrial,Product,A+,99.3,2.8,10% Enterprise Vol,Next-Day Air
Omni Services LLC,Industrial,Product,B,98.4,3.9,No Auth Discount,Standard (3-5 Days)
Optimal Components Co.,Industrial,Product,A,90.4,1.9,5% Preferred Partner,Next-Day Air
Optimal Industries Co.,Industrial,Product,A,95.5,2.5,5% Preferred Partner,Next-Day Air
Omni Parts Corp.,Industrial,Product,A,93.0,3.5,5% Preferred Partner,2-Day Priority
Dynamic Works Corp.,Industrial,Product,B+,96.1,1.6,Net-30 Terms,Next-Day Air
Titan Enterprises Global,Industrial,Product,A+,95.4,2.4,10% Enterprise Vol,Standard (3-5 Days)
Smart Manufacturing Solutions,Industrial,Product,A,93.3,3.3,5% Preferred Partner,Standard (3-5 Days)
Rapid Dynamics Ltd.,Industrial,Product,B,92.9,1.9,No Auth Discount,Next-Day Air
Titan Supply Partners,Industrial,Product,B,96.0,3.5,No Auth Discount,2-Day Priority
Advanced Enterprises International,Industrial,Product,B+,95.2,3.2,Net-30 Terms,2-Day Priority
Titan Enterprises Group,Industrial,Product,B,92.4,1.9,No Auth Discount,Next-Day Air
Global Tech Co.,Industrial,Product,A,93.7,1.7,5% Preferred Partner,2-Day Priority
Rapid Enterprises Group,Industrial,Product,A+,95.6,2.6,10% Enterprise Vol,2-Day Priority
Precision Networks Inc.,Industrial,Product,B+,98.0,3.0,Net-30 Terms,Standard (3-5 Days)
Apex Parts Partners,Industrial,Product,B+,98.5,1.0,Net-30 Terms,Next-Day Air
Eco Services Ltd.,Industrial,Product,A+,91.4,1.4,10% Enterprise Vol,2-Day Priority
Summit Engineering Group,Industrial,Product,A,92.7,1.7,5% Preferred Partner,2-Day Priority
Omni Logistics Corp.,Industrial,Product,A+,96.6,3.6,10% Enterprise Vol,Standard (3-5 Days)
Precision Components Solutions,Industrial,Product,A+,98.3,3.8,10% Enterprise Vol,2-Day Priority
Industrial Logistics Solutions,Industrial,Product,A+,93.5,3.0,10% Enterprise Vol,Standard (3-5 Days)
Structural Logistics Co.,Industrial,Product,B,94.4,3.9,No Auth Discount,Standard (3-5 Days)
Dynamic Tech LLC,Industrial,Product,B,90.9,1.9,No Auth Discount,Next-Day Air
Global Systems Solutions,Industrial,Product,A,93.9,2.9,5% Preferred Partner,2-Day Priority
Core Manufacturing International,Industrial,Product,B,93.1,1.1,No Auth Discount,2-Day Priority
Rapid Parts Global,Industrial,Product,A,96.8,3.3,5% Preferred Partner,Standard (3-5 Days)
Core Tech Solutions,Industrial,Product,B,92.5,2.5,No Auth Discount,Next-Day Air
Structural Enterprises Co.,Industrial,Product,A+,92.7,2.2,10% Enterprise Vol,Next-Day Air
Core Works Ltd.,Industrial,Product,B+,92.2,2.2,Net-30 Terms,Next-Day Air
Rapid Supply Group,Industrial,Product,A+,95.9,3.4,10% Enterprise Vol,Next-Day Air
Elite Works Solutions,Industrial,Product,A,92.1,1.1,5% Preferred Partner,2-Day Priority
Vortex Industries Corp.,Industrial,Product,A,92.8,2.3,5% Preferred Partner,2-Day Priority
Structural Works Global,Industrial,Product,B+,99.2,2.2,Net-30 Terms,Next-Day Air
Rapid Parts LLC,Industrial,Product,B+,98.9,1.4,Net-30 Terms,2-Day Priority
Smart Engineering Solutions,Industrial,Product,A+,92.2,1.2,10% Enterprise Vol,Standard (3-5 Days)
Unified Logistics Partners,Industrial,Product,A,98.0,1.5,5% Preferred Partner,Standard (3-5 Days)
Rapid Components Partners,Industrial,Product,A,97.0,3.5,5% Preferred Partner,2-Day Priority
Smart Works Partners,Industrial,Product,A+,92.4,1.4,10% Enterprise Vol,2-Day Priority
Titan Systems Inc.,Industrial,Product,B,98.6,1.1,No Auth Discount,2-Day Priority
Industrial Works International,Industrial,Product,A,92.1,1.1,5% Preferred Partner,2-Day Priority
Unified Engineering Co.,Industrial,Product,B+,97.5,2.0,Net-30 Terms,2-Day Priority
Rapid Manufacturing Group,Industrial,Product,A+,95.2,2.2,10% Enterprise Vol,Next-Day Air
Unified Manufacturing Global,Industrial,Product,A,98.8,2.3,5% Preferred Partner,2-Day Priority
Elite Parts Global,Industrial,Product,B+,99.2,1.2,Net-30 Terms,Standard (3-5 Days)
Core Networks Co.,Industrial,Product,A,90.1,2.1,5% Preferred Partner,Standard (3-5 Days)
Summit Parts Inc.,Industrial,Product,B,93.5,3.5,No Auth Discount,2-Day Priority
Precision Services Group,Industrial,Product,B+,92.8,3.8,Net-30 Terms,2-Day Priority
Smart Solutions Co.,Industrial,Product,A+,97.7,2.2,10% Enterprise Vol,Next-Day Air
Rapid Manufacturing Ltd.,Industrial,Product,A,92.5,2.5,5% Preferred Partner,Next-Day Air
Advanced Systems International,Industrial,Product,A,90.8,1.3,5% Preferred Partner,Next-Day Air
Prime Works Partners,Industrial,Product,A,94.5,2.5,5% Preferred Partner,Next-Day Air
Nexus Dynamics Corp.,Industrial,Product,A,96.9,2.9,5% Preferred Partner,2-Day Priority
Dynamic Industries Partners,Industrial,Product,B+,95.3,2.8,Net-30 Terms,Next-Day Air
Vortex Tech Corp.,Industrial,Product,A,94.2,3.7,5% Preferred Partner,Next-Day Air
Advanced Manufacturing Ltd.,Industrial,Product,B+,96.5,3.0,Net-30 Terms,Standard (3-5 Days)
Advanced Solutions Solutions,Industrial,Product,A,91.0,2.5,5% Preferred Partner,Next-Day Air
Unified Tech Ltd.,Industrial,Product,A,94.5,3.5,5% Preferred Partner,2-Day Priority
Industrial Works Inc.,Industrial,Product,A,97.5,2.5,5% Preferred Partner,Next-Day Air
Unified Engineering International,Industrial,Product,B,97.1,2.1,No Auth Discount,Standard (3-5 Days)
Optimal Parts Partners,Industrial,Product,A+,96.7,2.2,10% Enterprise Vol,Next-Day Air
Titan Engineering Global,Industrial,Product,A,97.3,2.3,5% Preferred Partner,2-Day Priority
Elite Resources Inc.,Industrial,Product,A,94.3,2.3,5% Preferred Partner,2-Day Priority
Global Services Solutions,Industrial,Product,A+,92.5,2.0,10% Enterprise Vol,2-Day Priority
Omni Enterprises International,Industrial,Product,B,91.8,1.3,No Auth Discount,Next-Day Air
Dynamic Services Inc.,Industrial,Product,B,94.0,3.5,No Auth Discount,2-Day Priority
Eco Components International,Industrial,Product,B+,98.4,3.4,Net-30 Terms,Next-Day Air
Summit Engineering Ltd.,Industrial,Product,B,90.2,1.7,No Auth Discount,2-Day Priority
Nexus Enterprises Ltd.,Industrial,Product,A,91.8,1.3,5% Preferred Partner,Next-Day Air
Structural Dynamics LLC,Industrial,Product,B+,95.8,3.8,Net-30 Terms,2-Day Priority
Nexus Supply International,Industrial,Product,A,99.0,1.5,5% Preferred Partner,Standard (3-5 Days)
Advanced Parts Global,Industrial,Product,B+,97.4,1.4,Net-30 Terms,2-Day Priority
Vortex Engineering Ltd.,Industrial,Product,B+,99.2,2.2,Net-30 Terms,Next-Day Air
Dynamic Tech Co.,Industrial,Product,B+,96.0,2.0,Net-30 Terms,2-Day Priority
Global Parts Global,Industrial,Product,A+,95.2,2.2,10% Enterprise Vol,Next-Day Air
Dynamic Parts LLC,Industrial,Product,A+,94.0,2.0,10% Enterprise Vol,2-Day Priority
Elite Dynamics Global,Industrial,Product,A,91.0,3.5,5% Preferred Partner,2-Day Priority
Global Parts Group,Industrial,Product,B,91.4,2.9,No Auth Discount,2-Day Priority
Nexus Enterprises Global,Industrial,Product,A,97.9,3.9,5% Preferred Partner,Standard (3-5 Days)
Rapid Dynamics Corp.,Industrial,Product,A,93.8,3.3,5% Preferred Partner,Standard (3-5 Days)
Smart Works Co.,Industrial,Product,B+,98.7,3.2,Net-30 Terms,2-Day Priority
Omni Engineering Solutions,Industrial,Product,A+,95.1,1.6,10% Enterprise Vol,Next-Day Air
Industrial Manufacturing Corp.,Industrial,Product,B,92.5,1.5,No Auth Discount,Standard (3-5 Days)
Prime Resources Ltd.,Industrial,Product,A+,90.8,2.8,10% Enterprise Vol,Next-Day Air
Unified Solutions Group,Industrial,Product,B+,98.4,1.4,Net-30 Terms,2-Day Priority
Smart Parts Solutions,Appliance,Parts,A+,92.0,3.0,10% Enterprise Vol,Standard (3-5 Days)
Vortex Solutions Inc.,Appliance,Parts,B,95.5,2.5,No Auth Discount,Next-Day Air
Structural Engineering Inc.,Appliance,Parts,A,98.4,1.9,5% Preferred Partner,Next-Day Air
Apex Systems Ltd.,Appliance,Parts,A,95.7,1.7,5% Preferred Partner,2-Day Priority
Summit Enterprises LLC,Appliance,Parts,A+,91.2,2.2,10% Enterprise Vol,Next-Day Air
Rapid Dynamics Global,Appliance,Parts,B,97.1,2.1,No Auth Discount,Standard (3-5 Days)
Rapid Tech Inc.,Appliance,Parts,B+,90.7,2.2,Net-30 Terms,Next-Day Air
Dynamic Networks Corp.,Appliance,Parts,B,99.0,3.5,No Auth Discount,2-Day Priority
Core Dynamics Group,Appliance,Parts,A+,96.8,2.8,10% Enterprise Vol,Next-Day Air
Summit Supply Partners,Appliance,Parts,A+,94.3,3.8,10% Enterprise Vol,2-Day Priority
Omni Resources Corp.,Appliance,Parts,A,95.7,3.7,5% Preferred Partner,Next-Day Air
Elite Resources Global,Appliance,Parts,B+,95.3,2.8,Net-30 Terms,Next-Day Air
Omni Engineering Partners,Appliance,Parts,B,94.3,1.3,No Auth Discount,Next-Day Air
Unified Systems Solutions,Appliance,Parts,B+,98.6,1.6,Net-30 Terms,Next-Day Air
Summit Logistics Partners,Appliance,Parts,A,99.4,2.9,5% Preferred Partner,2-Day Priority
Rapid Engineering Inc.,Appliance,Parts,A+,94.2,1.2,10% Enterprise Vol,Standard (3-5 Days)
Global Enterprises Global,Appliance,Parts,A,98.9,2.9,5% Preferred Partner,2-Day Priority
Summit Engineering Group,Appliance,Parts,A,92.7,1.7,5% Preferred Partner,2-Day Priority
Summit Resources Corp.,Appliance,Parts,B+,99.0,1.0,Net-30 Terms,Next-Day Air
Advanced Supply Corp.,Appliance,Parts,B,93.7,1.7,No Auth Discount,2-Day Priority
Summit Systems Ltd.,Appliance,Parts,A+,91.7,3.2,10% Enterprise Vol,2-Day Priority
Nexus Works Ltd.,Appliance,Parts,B+,94.0,2.0,Net-30 Terms,2-Day Priority
Omni Components Inc.,Appliance,Parts,B+,96.5,3.0,Net-30 Terms,Standard (3-5 Days)
Apex Parts Inc.,Appliance,Parts,B,91.5,1.5,No Auth Discount,Standard (3-5 Days)
Structural Manufacturing Corp.,Appliance,Parts,A+,98.5,1.0,10% Enterprise Vol,Next-Day Air
Nexus Supply Corp.,Appliance,Parts,B+,91.2,2.2,Net-30 Terms,Next-Day Air
Eco Industries Corp.,Appliance,Parts,A+,90.3,1.8,10% Enterprise Vol,Standard (3-5 Days)
Dynamic Dynamics LLC,Appliance,Parts,A,91.2,2.7,5% Preferred Partner,Standard (3-5 Days)
Optimal Tech LLC,Appliance,Parts,A+,90.3,1.8,10% Enterprise Vol,Standard (3-5 Days)
Omni Networks Solutions,Appliance,Parts,A,94.6,2.1,5% Preferred Partner,Standard (3-5 Days)
Vortex Manufacturing Solutions,Appliance,Parts,B,90.0,3.5,No Auth Discount,2-Day Priority
Dynamic Components LLC,Appliance,Parts,A+,93.6,3.6,10% Enterprise Vol,Standard (3-5 Days)
Nexus Parts Global,Appliance,Parts,B+,92.4,3.4,Net-30 Terms,Next-Day Air
Apex Parts Ltd.,Appliance,Parts,A,95.5,1.5,5% Preferred Partner,Standard (3-5 Days)
Eco Works Co.,Appliance,Parts,A,96.6,3.1,5% Preferred Partner,Next-Day Air
Vortex Resources Inc.,Appliance,Parts,B+,98.6,2.6,Net-30 Terms,2-Day Priority
Vortex Solutions LLC,Appliance,Parts,B,92.4,2.9,No Auth Discount,2-Day Priority
Apex Systems Global,Appliance,Parts,B+,95.9,1.4,Net-30 Terms,2-Day Priority
Global Industries Co.,Appliance,Parts,B,91.8,3.3,No Auth Discount,Standard (3-5 Days)
Unified Works Corp.,Appliance,Parts,B+,94.2,2.2,Net-30 Terms,Next-Day Air
Unified Networks International,Appliance,Parts,A+,93.6,3.6,10% Enterprise Vol,Standard (3-5 Days)
Titan Enterprises Co.,Appliance,Parts,B+,97.0,3.0,Net-30 Terms,Standard (3-5 Days)
Omni Works Group,Appliance,Parts,B,90.1,2.1,No Auth Discount,Standard (3-5 Days)
Apex Resources Inc.,Appliance,Parts,B,96.5,3.5,No Auth Discount,2-Day Priority
Prime Networks Ltd.,Appliance,Parts,A+,95.2,3.2,10% Enterprise Vol,2-Day Priority
Omni Tech Ltd.,Appliance,Parts,A,93.1,2.1,5% Preferred Partner,Standard (3-5 Days)
Vortex Parts Inc.,Appliance,Parts,B+,95.0,2.0,Net-30 Terms,2-Day Priority
Industrial Tech Partners,Appliance,Parts,A,92.2,1.7,5% Preferred Partner,2-Day Priority
Prime Systems Ltd.,Appliance,Parts,A+,99.4,3.4,10% Enterprise Vol,Next-Day Air
Smart Components Co.,Appliance,Parts,B+,93.1,1.6,Net-30 Terms,Next-Day Air
Core Logistics LLC,Appliance,Parts,B+,91.8,1.8,Net-30 Terms,Standard (3-5 Days)
Elite Networks Inc.,Appliance,Parts,A,91.8,1.3,5% Preferred Partner,Next-Day Air
Precision Enterprises LLC,Appliance,Parts,A,91.5,3.5,5% Preferred Partner,2-Day Priority
Core Manufacturing International,Appliance,Parts,B,93.1,1.1,No Auth Discount,2-Day Priority
Omni Works Co.,Appliance,Parts,A,98.4,1.9,5% Preferred Partner,Next-Day Air
Industrial Networks LLC,Appliance,Parts,A+,98.6,1.6,10% Enterprise Vol,Next-Day Air
Unified Supply Group,Appliance,Parts,B,92.9,3.9,No Auth Discount,Standard (3-5 Days)
Titan Resources International,Appliance,Parts,A,94.7,1.7,5% Preferred Partner,2-Day Priority
Vortex Resources International,Appliance,Parts,A+,93.3,1.8,10% Enterprise Vol,Standard (3-5 Days)
Smart Systems Group,Appliance,Parts,A+,99.2,2.2,10% Enterprise Vol,Next-Day Air
Optimal Engineering LLC,Appliance,Parts,A+,94.4,2.4,10% Enterprise Vol,Standard (3-5 Days)
Vortex Resources Global,Appliance,Parts,A,91.0,1.5,5% Preferred Partner,Standard (3-5 Days)
Omni Parts Partners,Appliance,Parts,A,93.1,2.1,5% Preferred Partner,Standard (3-5 Days)
Omni Engineering LLC,Appliance,Parts,A,94.8,2.3,5% Preferred Partner,2-Day Priority
Rapid Solutions Corp.,Appliance,Parts,B,96.5,1.5,No Auth Discount,Standard (3-5 Days)
Summit Enterprises Corp.,Appliance,Parts,A,91.0,1.5,5% Preferred Partner,Standard (3-5 Days)
Dynamic Tech Corp.,Appliance,Parts,A+,91.2,3.2,10% Enterprise Vol,2-Day Priority
Apex Components Co.,Appliance,Parts,A+,93.7,1.2,10% Enterprise Vol,Standard (3-5 Days)
Titan Industries Global,Appliance,Parts,B,90.8,1.3,No Auth Discount,Next-Day Air
Precision Resources International,Appliance,Parts,A+,98.5,2.0,10% Enterprise Vol,2-Day Priority
Eco Solutions LLC,Appliance,Parts,A,99.0,1.5,5% Preferred Partner,Standard (3-5 Days)
Optimal Parts Corp.,Appliance,Parts,B,91.9,3.9,No Auth Discount,Standard (3-5 Days)
Dynamic Engineering Ltd.,Appliance,Parts,A,96.3,3.3,5% Preferred Partner,Standard (3-5 Days)
Precision Manufacturing Solutions,Appliance,Parts,A+,90.4,3.4,10% Enterprise Vol,Next-Day Air
Optimal Industries Inc.,Appliance,Parts,B+,94.3,2.8,Net-30 Terms,Next-Day Air
Global Components Group,Appliance,Parts,B+,95.1,1.6,Net-30 Terms,Next-Day Air
Industrial Services Group,Appliance,Parts,B+,92.0,1.0,Net-30 Terms,Next-Day Air
Global Tech Group,Appliance,Parts,A,91.9,1.9,5% Preferred Partner,Next-Day Air
Summit Engineering Partners,Appliance,Parts,B+,93.5,1.0,Net-30 Terms,Next-Day Air
Elite Enterprises Group,Appliance,Parts,B,95.1,1.1,No Auth Discount,2-Day Priority
Dynamic Parts Global,Appliance,Parts,A,97.8,3.3,5% Preferred Partner,Standard (3-5 Days)
Eco Supply Co.,Appliance,Parts,A+,93.3,1.8,10% Enterprise Vol,Standard (3-5 Days)
Industrial Solutions LLC,Appliance,Parts,B,98.5,2.5,No Auth Discount,Next-Day Air
Apex Works Partners,Appliance,Parts,A+,96.8,3.8,10% Enterprise Vol,2-Day Priority
Titan Systems Co.,Appliance,Parts,A+,90.0,1.0,10% Enterprise Vol,Next-Day Air
Industrial Resources Corp.,Appliance,Parts,B,94.4,1.9,No Auth Discount,Next-Day Air
Smart Engineering Corp.,Appliance,Parts,A,95.4,3.9,5% Preferred Partner,Standard (3-5 Days)
Global Tech Co.,Appliance,Parts,A,93.7,1.7,5% Preferred Partner,2-Day Priority
Industrial Manufacturing Inc.,Appliance,Parts,B+,90.0,3.0,Net-30 Terms,Standard (3-5 Days)
Vortex Engineering LLC,Appliance,Parts,B,95.9,3.9,No Auth Discount,Standard (3-5 Days)
Precision Industries Ltd.,Appliance,Parts,B,96.2,1.7,No Auth Discount,2-Day Priority
Rapid Tech LLC,Appliance,Parts,B+,90.9,1.4,Net-30 Terms,2-Day Priority
Structural Works Solutions,Appliance,Parts,B+,97.7,3.2,Net-30 Terms,2-Day Priority
Eco Industries Global,Appliance,Parts,B+,93.5,2.0,Net-30 Terms,2-Day Priority
Eco Tech Global,Appliance,Parts,B+,97.8,2.8,Net-30 Terms,Next-Day Air
Elite Parts LLC,Appliance,Parts,B,96.5,3.5,No Auth Discount,2-Day Priority
Advanced Industries Global,Appliance,Parts,B+,96.4,1.4,Net-30 Terms,2-Day Priority
Advanced Parts Ltd.,Appliance,Parts,B,93.8,1.3,No Auth Discount,Next-Day Air
Summit Parts Ltd.,Appliance,Parts,B+,96.2,2.2,Net-30 Terms,Next-Day Air
Eco Services Ltd.,Appliance,Parts,A+,91.4,1.4,10% Enterprise Vol,2-Day Priority
Prime Enterprises LLC,Appliance,Parts,B+,98.5,2.0,Net-30 Terms,2-Day Priority
Rapid Works Global,Appliance,Parts,B,94.4,1.9,No Auth Discount,Next-Day Air
Omni Supply LLC,Appliance,Parts,B,93.2,2.7,No Auth Discount,Standard (3-5 Days)
Unified Tech Group,Appliance,Parts,A,93.5,2.5,5% Preferred Partner,Next-Day Air
Advanced Parts Global,Appliance,Parts,B+,97.4,1.4,Net-30 Terms,2-Day Priority
Global Resources Inc.,Appliance,Parts,A,94.2,2.7,5% Preferred Partner,Standard (3-5 Days)
Omni Services LLC,Appliance,Parts,B,98.4,3.9,No Auth Discount,Standard (3-5 Days)
Titan Resources Co.,Appliance,Parts,B,98.3,3.3,No Auth Discount,Standard (3-5 Days)
Optimal Networks Inc.,Appliance,Parts,B+,94.1,2.6,Net-30 Terms,2-Day Priority
Vortex Components International,Appliance,Parts,A+,96.3,2.8,10% Enterprise Vol,Next-Day Air
Industrial Logistics Co.,Appliance,Parts,B,92.6,3.1,No Auth Discount,Next-Day Air
Optimal Works Global,Appliance,Parts,A,96.0,1.5,5% Preferred Partner,Standard (3-5 Days)
Vortex Industries International,Appliance,Parts,B,90.3,3.3,No Auth Discount,Standard (3-5 Days)
Structural Dynamics LLC,Appliance,Parts,B+,95.8,3.8,Net-30 Terms,2-Day Priority
Smart Engineering Ltd.,Appliance,Parts,A,95.2,1.7,5% Preferred Partner,2-Day Priority
Summit Resources Solutions,Appliance,Parts,B,92.0,2.5,No Auth Discount,Next-Day Air
Core Manufacturing LLC,Appliance,Product,B+,92.2,2.2,Net-30 Terms,Next-Day Air
Global Supply Inc.,Appliance,Product,A,98.0,3.5,5% Preferred Partner,2-Day Priority
Eco Logistics Corp.,Appliance,Product,B+,91.1,2.6,Net-30 Terms,2-Day Priority
Smart Components Global,Appliance,Product,B+,99.3,1.8,Net-30 Terms,Standard (3-5 Days)
Core Industries International,Appliance,Product,B,90.6,3.1,No Auth Discount,Next-Day Air
Titan Industries Corp.,Appliance,Product,B,96.8,1.3,No Auth Discount,Next-Day Air
Industrial Resources International,Appliance,Product,A,91.8,3.3,5% Preferred Partner,Standard (3-5 Days)
Structural Industries Ltd.,Appliance,Product,A,97.0,2.5,5% Preferred Partner,Next-Day Air
Industrial Industries International,Appliance,Product,A+,98.7,1.2,10% Enterprise Vol,Standard (3-5 Days)
Eco Tech Co.,Appliance,Product,A,91.0,2.5,5% Preferred Partner,Next-Day Air
Vortex Networks Group,Appliance,Product,B,99.1,2.1,No Auth Discount,Standard (3-5 Days)
Vortex Manufacturing LLC,Appliance,Product,A,90.4,2.9,5% Preferred Partner,2-Day Priority
Unified Works Solutions,Appliance,Product,B,96.3,2.3,No Auth Discount,2-Day Priority
Apex Solutions Inc.,Appliance,Product,B+,97.2,2.2,Net-30 Terms,Next-Day Air
Summit Logistics Group,Appliance,Product,B,93.6,2.1,No Auth Discount,Standard (3-5 Days)
Core Parts LLC,Appliance,Product,B+,95.5,1.0,Net-30 Terms,Next-Day Air
Unified Parts LLC,Appliance,Product,B,96.8,3.3,No Auth Discount,Standard (3-5 Days)
Core Resources Global,Appliance,Product,A,90.7,2.7,5% Preferred Partner,Standard (3-5 Days)
Optimal Components Group,Appliance,Product,A+,90.5,2.0,10% Enterprise Vol,2-Day Priority
Apex Components Solutions,Appliance,Product,B,99.0,3.5,No Auth Discount,2-Day Priority
Nexus Parts Ltd.,Appliance,Product,A+,93.2,1.2,10% Enterprise Vol,Standard (3-5 Days)
Nexus Dynamics Group,Appliance,Product,A,98.2,1.7,5% Preferred Partner,2-Day Priority
Elite Engineering Ltd.,Appliance,Product,A,97.5,3.5,5% Preferred Partner,2-Day Priority
Optimal Works Partners,Appliance,Product,A,94.1,2.1,5% Preferred Partner,Standard (3-5 Days)
Precision Components Co.,Appliance,Product,A,97.4,3.9,5% Preferred Partner,Standard (3-5 Days)
Rapid Services Co.,Appliance,Product,B+,97.4,1.4,Net-30 Terms,2-Day Priority
Rapid Systems Group,Appliance,Product,B+,90.7,2.2,Net-30 Terms,Next-Day Air
Core Engineering International,Appliance,Product,A+,95.9,3.4,10% Enterprise Vol,Next-Day Air
Optimal Dynamics Global,Appliance,Product,B,91.2,3.7,No Auth Discount,Next-Day Air
Nexus Logistics Group,Appliance,Product,A,94.0,1.5,5% Preferred Partner,Standard (3-5 Days)
Industrial Solutions Partners,Appliance,Product,A+,90.8,1.8,10% Enterprise Vol,Standard (3-5 Days)
Smart Systems Partners,Appliance,Product,B,97.2,2.7,No Auth Discount,Standard (3-5 Days)
Dynamic Works LLC,Appliance,Product,A+,98.3,3.8,10% Enterprise Vol,2-Day Priority
Precision Industries Partners,Appliance,Product,A+,98.6,1.6,10% Enterprise Vol,Next-Day Air
Apex Resources Ltd.,Appliance,Product,B+,94.8,2.8,Net-30 Terms,Next-Day Air
Elite Dynamics LLC,Appliance,Product,A,94.5,3.5,5% Preferred Partner,2-Day Priority
Prime Services Co.,Appliance,Product,A,93.6,1.1,5% Preferred Partner,2-Day Priority
Elite Dynamics Partners,Appliance,Product,B,99.3,1.3,No Auth Discount,Next-Day Air
Rapid Logistics Inc.,Appliance,Product,A,93.2,2.7,5% Preferred Partner,Standard (3-5 Days)
Apex Parts Co.,Appliance,Product,A+,94.6,3.6,10% Enterprise Vol,Standard (3-5 Days)
Structural Resources Ltd.,Appliance,Product,A,92.6,1.1,5% Preferred Partner,2-Day Priority
Vortex Dynamics Ltd.,Appliance,Product,A,95.0,2.5,5% Preferred Partner,Next-Day Air
Global Parts Co.,Appliance,Product,A+,91.7,1.2,10% Enterprise Vol,Standard (3-5 Days)
Apex Tech Partners,Appliance,Product,B,95.6,2.1,No Auth Discount,Standard (3-5 Days)
Titan Logistics Solutions,Appliance,Product,B+,90.6,1.6,Net-30 Terms,Next-Day Air
Dynamic Dynamics Co.,Appliance,Product,B,94.5,1.5,No Auth Discount,Standard (3-5 Days)
Advanced Supply LLC,Appliance,Product,B,92.6,1.1,No Auth Discount,2-Day Priority
Global Tech Partners,Appliance,Product,A+,96.7,2.2,10% Enterprise Vol,Next-Day Air
Rapid Works Group,Appliance,Product,A+,98.0,1.0,10% Enterprise Vol,Next-Day Air
Titan Solutions Ltd.,Appliance,Product,B+,98.8,1.8,Net-30 Terms,Standard (3-5 Days)
Apex Solutions Corp.,Appliance,Product,B,91.5,1.5,No Auth Discount,Standard (3-5 Days)
Eco Services Global,Appliance,Product,A,94.0,3.5,5% Preferred Partner,2-Day Priority
Nexus Components Ltd.,Appliance,Product,B+,91.3,3.8,Net-30 Terms,2-Day Priority
Titan Solutions Co.,Appliance,Product,B,90.8,2.3,No Auth Discount,2-Day Priority
Omni Services Co.,Appliance,Product,B+,96.7,1.2,Net-30 Terms,Standard (3-5 Days)
Rapid Engineering Solutions,Appliance,Product,A+,99.3,1.8,10% Enterprise Vol,Standard (3-5 Days)
Elite Solutions LLC,Appliance,Product,B+,92.1,3.6,Net-30 Terms,Standard (3-5 Days)
Vortex Manufacturing Global,Appliance,Product,B+,98.3,1.8,Net-30 Terms,Standard (3-5 Days)
Eco Solutions Co.,Appliance,Product,A+,94.7,2.2,10% Enterprise Vol,Next-Day Air
Industrial Dynamics Partners,Appliance,Product,A,92.3,3.3,5% Preferred Partner,Standard (3-5 Days)
Vortex Systems Inc.,Appliance,Product,A,92.6,3.1,5% Preferred Partner,Next-Day Air
Titan Tech Ltd.,Appliance,Product,A+,96.2,3.2,10% Enterprise Vol,2-Day Priority
Elite Logistics LLC,Appliance,Product,B+,98.0,2.0,Net-30 Terms,2-Day Priority
Optimal Networks Solutions,Appliance,Product,B+,91.7,2.2,Net-30 Terms,Next-Day Air
Rapid Resources Group,Appliance,Product,A+,93.0,2.0,10% Enterprise Vol,2-Day Priority
Summit Services Partners,Appliance,Product,B,91.5,1.5,No Auth Discount,Standard (3-5 Days)
Rapid Works Partners,Appliance,Product,A,97.2,3.7,5% Preferred Partner,Next-Day Air
Structural Logistics International,Appliance,Product,B+,95.1,3.6,Net-30 Terms,Standard (3-5 Days)
Rapid Industries Inc.,Appliance,Product,A+,98.6,1.6,10% Enterprise Vol,Next-Day Air
Advanced Enterprises Partners,Appliance,Product,B+,92.9,1.4,Net-30 Terms,2-Day Priority
Eco Solutions Solutions,Appliance,Product,B+,91.7,2.2,Net-30 Terms,Next-Day Air
Summit Systems Inc.,Appliance,Product,A,95.6,2.1,5% Preferred Partner,Standard (3-5 Days)
Nexus Tech International,Appliance,Product,B,91.8,1.3,No Auth Discount,Next-Day Air
Precision Engineering Co.,Appliance,Product,B+,90.3,2.8,Net-30 Terms,Next-Day Air
Omni Systems Partners,Appliance,Product,A+,98.8,1.8,10% Enterprise Vol,Standard (3-5 Days)
Rapid Works Inc.,Appliance,Product,A,91.4,3.9,5% Preferred Partner,Standard (3-5 Days)
Core Supply Corp.,Appliance,Product,A+,91.1,1.6,10% Enterprise Vol,Next-Day Air
Omni Manufacturing Partners,Appliance,Product,B+,92.4,1.4,Net-30 Terms,2-Day Priority
Smart Industries Inc.,Appliance,Product,B,97.0,3.5,No Auth Discount,2-Day Priority
Core Solutions Co.,Appliance,Product,B+,94.0,1.0,Net-30 Terms,Next-Day Air
Titan Resources Inc.,Appliance,Product,A+,93.1,2.6,10% Enterprise Vol,2-Day Priority
Optimal Logistics Global,Appliance,Product,A,98.9,1.9,5% Preferred Partner,Next-Day Air
Dynamic Works Corp.,Appliance,Product,B+,96.1,1.6,Net-30 Terms,Next-Day Air
Core Tech Global,Appliance,Product,B+,98.7,1.2,Net-30 Terms,Standard (3-5 Days)
Unified Parts Group,Appliance,Product,A+,96.9,2.4,10% Enterprise Vol,Standard (3-5 Days)
Dynamic Networks International,Appliance,Product,B,90.7,3.7,No Auth Discount,Next-Day Air
Industrial Parts Ltd.,Appliance,Product,B,91.7,2.7,No Auth Discount,Standard (3-5 Days)
Summit Resources LLC,Appliance,Product,A+,91.1,3.6,10% Enterprise Vol,Standard (3-5 Days)
Optimal Engineering Solutions,Appliance,Product,A+,97.1,1.6,10% Enterprise Vol,Next-Day Air
Core Systems Ltd.,Appliance,Product,A+,90.6,2.6,10% Enterprise Vol,2-Day Priority
Omni Components Corp.,Appliance,Product,A+,91.2,1.2,10% Enterprise Vol,Standard (3-5 Days)
Smart Supply Partners,Appliance,Product,A+,90.8,3.8,10% Enterprise Vol,2-Day Priority
Rapid Systems Partners,Appliance,Product,A+,94.2,2.2,10% Enterprise Vol,Next-Day Air
Nexus Dynamics Solutions,Appliance,Product,B,94.9,3.9,No Auth Discount,Standard (3-5 Days)
Rapid Dynamics Solutions,Appliance,Product,B+,94.3,3.8,Net-30 Terms,2-Day Priority
Prime Logistics Partners,Appliance,Product,A+,91.4,1.4,10% Enterprise Vol,2-Day Priority
Global Enterprises Ltd.,Appliance,Product,B+,92.5,1.0,Net-30 Terms,Next-Day Air
Apex Networks Co.,Appliance,Product,B,95.4,3.9,No Auth Discount,Standard (3-5 Days)
Smart Services Solutions,Appliance,Product,B+,93.6,3.6,Net-30 Terms,Standard (3-5 Days)
Titan Systems Group,Appliance,Product,A+,96.5,3.0,10% Enterprise Vol,Standard (3-5 Days)
Eco Dynamics Partners,Appliance,Product,B+,91.7,1.2,Net-30 Terms,Standard (3-5 Days)
Prime Networks Corp.,Appliance,Product,A+,93.6,1.6,10% Enterprise Vol,Next-Day Air
Advanced Works Inc.,Appliance,Product,B,92.2,3.7,No Auth Discount,Next-Day Air
Precision Dynamics Inc.,Appliance,Product,A,94.6,2.1,5% Preferred Partner,Standard (3-5 Days)
Advanced Tech Corp.,Appliance,Product,A+,96.1,1.6,10% Enterprise Vol,Next-Day Air
Eco Manufacturing International,Appliance,Product,A+,90.0,1.0,10% Enterprise Vol,Next-Day Air
Optimal Manufacturing Ltd.,Appliance,Product,B,92.4,3.9,No Auth Discount,Standard (3-5 Days)
Elite Engineering Partners,Appliance,Product,A+,97.4,1.4,10% Enterprise Vol,2-Day Priority
Omni Logistics Co.,Appliance,Product,B+,94.5,1.0,Net-30 Terms,Next-Day Air
Structural Engineering Co.,Appliance,Product,A,98.2,3.7,5% Preferred Partner,Next-Day Air
Rapid Dynamics Corp.,Appliance,Product,A,93.8,3.3,5% Preferred Partner,Standard (3-5 Days)
Summit Supply Ltd.,Appliance,Product,A,91.5,3.5,5% Preferred Partner,2-Day Priority
Optimal Works Ltd.,Appliance,Product,A+,92.3,3.8,10% Enterprise Vol,2-Day Priority
Omni Dynamics Ltd.,Appliance,Product,B+,95.6,1.6,Net-30 Terms,Next-Day Air
Unified Enterprises Group,Appliance,Product,A,94.6,2.1,5% Preferred Partner,Standard (3-5 Days)
Smart Works Ltd.,Appliance,Product,B+,95.3,1.8,Net-30 Terms,Standard (3-5 Days)
Smart Services International,Appliance,Product,A,94.7,1.7,5% Preferred Partner,2-Day Priority
Optimal Parts Solutions,Mobile,Parts,B+,99.2,3.2,Net-30 Terms,2-Day Priority
Elite Services Global,Mobile,Parts,A+,91.5,3.0,10% Enterprise Vol,Standard (3-5 Days)
Apex Manufacturing Corp.,Mobile,Parts,B,98.0,2.5,No Auth Discount,Next-Day Air
Unified Networks Ltd.,Mobile,Parts,B+,90.2,1.2,Net-30 Terms,Standard (3-5 Days)
Advanced Components Solutions,Mobile,Parts,A,90.5,2.5,5% Preferred Partner,Next-Day Air
Rapid Solutions Co.,Mobile,Parts,A,95.6,1.1,5% Preferred Partner,2-Day Priority
Industrial Logistics Corp.,Mobile,Parts,B+,98.1,1.6,Net-30 Terms,Next-Day Air
Elite Dynamics Solutions,Mobile,Parts,A+,90.6,2.6,10% Enterprise Vol,2-Day Priority
Summit Supply International,Mobile,Parts,A,91.5,2.5,5% Preferred Partner,Next-Day Air
Industrial Works Inc.,Mobile,Parts,A,97.5,2.5,5% Preferred Partner,Next-Day Air
Vortex Tech Inc.,Mobile,Parts,A+,93.7,3.2,10% Enterprise Vol,2-Day Priority
Vortex Engineering LLC,Mobile,Parts,B,95.9,3.9,No Auth Discount,Standard (3-5 Days)
Eco Networks Group,Mobile,Parts,A,97.2,2.7,5% Preferred Partner,Standard (3-5 Days)
Vortex Parts Group,Mobile,Parts,B,97.6,1.1,No Auth Discount,2-Day Priority
Precision Manufacturing LLC,Mobile,Parts,A,92.4,3.9,5% Preferred Partner,Standard (3-5 Days)
Omni Components LLC,Mobile,Parts,A+,94.3,3.8,10% Enterprise Vol,2-Day Priority
Optimal Works Ltd.,Mobile,Parts,A+,92.3,3.8,10% Enterprise Vol,2-Day Priority
Omni Services Group,Mobile,Parts,B,97.3,2.3,No Auth Discount,2-Day Priority
Smart Resources LLC,Mobile,Parts,A+,96.7,3.2,10% Enterprise Vol,2-Day Priority
Optimal Systems Global,Mobile,Parts,B+,95.8,3.8,Net-30 Terms,2-Day Priority
Industrial Manufacturing Ltd.,Mobile,Parts,B+,98.7,3.2,Net-30 Terms,2-Day Priority
Unified Engineering International,Mobile,Parts,B,97.1,2.1,No Auth Discount,Standard (3-5 Days)
Dynamic Systems Ltd.,Mobile,Parts,B+,94.6,3.6,Net-30 Terms,Standard (3-5 Days)
Smart Systems Corp.,Mobile,Parts,B+,94.9,2.4,Net-30 Terms,Standard (3-5 Days)
Rapid Services International,Mobile,Parts,B+,92.7,1.2,Net-30 Terms,Standard (3-5 Days)
Nexus Dynamics Corp.,Mobile,Parts,A,96.9,2.9,5% Preferred Partner,2-Day Priority
Advanced Parts Solutions,Mobile,Parts,B,97.6,3.1,No Auth Discount,Next-Day Air
Core Tech Solutions,Mobile,Parts,B,92.5,2.5,No Auth Discount,Next-Day Air
Global Logistics LLC,Mobile,Parts,B+,94.5,2.0,Net-30 Terms,2-Day Priority
Rapid Dynamics Ltd.,Mobile,Parts,B,92.9,1.9,No Auth Discount,Next-Day Air
Advanced Parts Group,Mobile,Parts,B,90.4,1.9,No Auth Discount,Next-Day Air
Rapid Services Ltd.,Mobile,Parts,A+,95.5,2.0,10% Enterprise Vol,2-Day Priority
Dynamic Systems Corp.,Mobile,Parts,A+,92.8,2.8,10% Enterprise Vol,Next-Day Air
Omni Systems Global,Mobile,Parts,A,96.9,1.9,5% Preferred Partner,Next-Day Air
Optimal Enterprises LLC,Mobile,Parts,A,91.3,2.3,5% Preferred Partner,2-Day Priority
Rapid Networks Group,Mobile,Parts,B,97.1,1.1,No Auth Discount,2-Day Priority
Industrial Supply Corp.,Mobile,Parts,A,98.5,1.5,5% Preferred Partner,Standard (3-5 Days)
Advanced Dynamics International,Mobile,Parts,A,93.1,3.1,5% Preferred Partner,Next-Day Air
Omni Works Solutions,Mobile,Parts,A+,96.2,1.2,10% Enterprise Vol,Standard (3-5 Days)
Prime Services Ltd.,Mobile,Parts,B+,95.8,1.8,Net-30 Terms,Standard (3-5 Days)
Elite Industries Corp.,Mobile,Parts,A+,95.3,1.8,10% Enterprise Vol,Standard (3-5 Days)
Eco Systems International,Mobile,Parts,B,94.7,2.7,No Auth Discount,Standard (3-5 Days)
Summit Tech Group,Mobile,Parts,A+,96.6,1.6,10% Enterprise Vol,Next-Day Air
Prime Industries Partners,Mobile,Parts,B+,97.4,2.4,Net-30 Terms,Standard (3-5 Days)
Core Industries Ltd.,Mobile,Parts,B+,95.3,3.8,Net-30 Terms,2-Day Priority
Rapid Networks Global,Mobile,Parts,B+,96.3,2.8,Net-30 Terms,Next-Day Air
Prime Tech Solutions,Mobile,Parts,B+,92.8,3.8,Net-30 Terms,2-Day Priority
Advanced Components International,Mobile,Parts,B,95.0,2.5,No Auth Discount,Next-Day Air
Global Industries Partners,Mobile,Parts,B+,96.1,1.6,Net-30 Terms,Next-Day Air
Omni Parts Inc.,Mobile,Parts,B,98.3,3.3,No Auth Discount,Standard (3-5 Days)
Optimal Solutions Solutions,Mobile,Parts,A+,93.7,2.2,10% Enterprise Vol,Next-Day Air
Nexus Enterprises International,Mobile,Parts,B+,96.4,3.4,Net-30 Terms,Next-Day Air
Global Solutions LLC,Mobile,Parts,A+,93.3,2.8,10% Enterprise Vol,Next-Day Air
Apex Supply International,Mobile,Parts,B,97.1,3.1,No Auth Discount,Next-Day Air
Omni Resources Global,Mobile,Parts,A+,98.3,1.8,10% Enterprise Vol,Standard (3-5 Days)
Omni Logistics Ltd.,Mobile,Parts,B+,91.5,3.0,Net-30 Terms,Standard (3-5 Days)
Omni Engineering Group,Mobile,Parts,A,97.7,3.7,5% Preferred Partner,Next-Day Air
Precision Networks Inc.,Mobile,Parts,B+,98.0,3.0,Net-30 Terms,Standard (3-5 Days)
Vortex Systems International,Mobile,Parts,B+,94.3,3.8,Net-30 Terms,2-Day Priority
Dynamic Resources International,Mobile,Parts,A+,91.2,1.2,10% Enterprise Vol,Standard (3-5 Days)
Nexus Solutions International,Mobile,Parts,B+,96.9,1.4,Net-30 Terms,2-Day Priority
Eco Components LLC,Mobile,Parts,B,92.3,1.3,No Auth Discount,Next-Day Air
Structural Supply Partners,Mobile,Parts,A+,94.0,3.0,10% Enterprise Vol,Standard (3-5 Days)
Elite Systems Corp.,Mobile,Parts,A+,92.1,1.6,10% Enterprise Vol,Next-Day Air
Nexus Solutions Group,Mobile,Parts,A,91.5,1.5,5% Preferred Partner,Standard (3-5 Days)
Omni Systems International,Mobile,Parts,B,94.9,2.9,No Auth Discount,2-Day Priority
Unified Engineering Global,Mobile,Parts,A,94.6,2.1,5% Preferred Partner,Standard (3-5 Days)
Advanced Manufacturing Group,Mobile,Parts,B,95.7,3.7,No Auth Discount,Next-Day Air
Industrial Resources International,Mobile,Parts,A,91.8,3.3,5% Preferred Partner,Standard (3-5 Days)
Industrial Supply Partners,Mobile,Parts,B+,95.6,1.6,Net-30 Terms,Next-Day Air
Structural Solutions Inc.,Mobile,Parts,B+,96.5,3.0,Net-30 Terms,Standard (3-5 Days)
Dynamic Tech Solutions,Mobile,Parts,A,91.7,3.7,5% Preferred Partner,Next-Day Air
Summit Industries Group,Mobile,Parts,B+,91.0,2.0,Net-30 Terms,2-Day Priority
Optimal Engineering LLC,Mobile,Parts,A+,94.4,2.4,10% Enterprise Vol,Standard (3-5 Days)
Core Works Co.,Mobile,Parts,A+,94.0,3.0,10% Enterprise Vol,Standard (3-5 Days)
Omni Networks Global,Mobile,Parts,B,92.4,1.9,No Auth Discount,Next-Day Air
Summit Networks Solutions,Mobile,Parts,A+,96.0,2.0,10% Enterprise Vol,2-Day Priority
Nexus Manufacturing Ltd.,Mobile,Parts,A+,90.6,3.6,10% Enterprise Vol,Standard (3-5 Days)
Elite Dynamics Partners,Mobile,Parts,B,99.3,1.3,No Auth Discount,Next-Day Air
Apex Industries Global,Mobile,Parts,A+,93.5,1.0,10% Enterprise Vol,Next-Day Air
Core Supply Partners,Mobile,Parts,A,96.8,3.3,5% Preferred Partner,Standard (3-5 Days)
Core Supply Co.,Mobile,Parts,B,94.7,3.7,No Auth Discount,Next-Day Air
Nexus Logistics Inc.,Mobile,Parts,A,98.7,2.7,5% Preferred Partner,Standard (3-5 Days)
Industrial Dynamics Inc.,Mobile,Parts,A+,92.3,3.8,10% Enterprise Vol,2-Day Priority
Prime Solutions LLC,Mobile,Parts,A,99.0,3.5,5% Preferred Partner,2-Day Priority
Global Services Inc.,Mobile,Parts,B+,96.5,2.0,Net-30 Terms,2-Day Priority
Unified Services Partners,Mobile,Parts,B,98.2,3.7,No Auth Discount,Next-Day Air
Prime Resources Global,Mobile,Parts,A,90.6,3.1,5% Preferred Partner,Next-Day Air
Prime Supply LLC,Mobile,Parts,A,91.9,1.9,5% Preferred Partner,Next-Day Air
Titan Components Inc.,Mobile,Parts,A,92.6,2.1,5% Preferred Partner,Standard (3-5 Days)
Titan Dynamics Group,Mobile,Parts,B+,93.4,1.4,Net-30 Terms,2-Day Priority
Global Systems Solutions,Mobile,Parts,A,93.9,2.9,5% Preferred Partner,2-Day Priority
Apex Dynamics Solutions,Mobile,Parts,A+,96.9,2.4,10% Enterprise Vol,Standard (3-5 Days)
Optimal Systems International,Mobile,Parts,B,99.1,2.1,No Auth Discount,Standard (3-5 Days)
Eco Logistics LLC,Mobile,Parts,A,97.9,3.9,5% Preferred Partner,Standard (3-5 Days)
Structural Engineering LLC,Mobile,Parts,A+,91.6,3.6,10% Enterprise Vol,Standard (3-5 Days)
Rapid Logistics LLC,Mobile,Parts,A+,92.5,3.0,10% Enterprise Vol,Standard (3-5 Days)
Eco Manufacturing Inc.,Mobile,Parts,B,97.3,2.3,No Auth Discount,2-Day Priority
Eco Services Solutions,Mobile,Parts,B,94.9,3.9,No Auth Discount,Standard (3-5 Days)
Advanced Components Inc.,Mobile,Parts,B,90.0,2.5,No Auth Discount,Next-Day Air
Core Engineering Inc.,Mobile,Parts,B+,97.6,3.6,Net-30 Terms,Standard (3-5 Days)
Optimal Components Partners,Mobile,Parts,A+,95.8,3.8,10% Enterprise Vol,2-Day Priority
Optimal Systems Partners,Mobile,Parts,A,93.9,2.9,5% Preferred Partner,2-Day Priority
Nexus Solutions Solutions,Mobile,Parts,B,95.3,2.3,No Auth Discount,2-Day Priority
Titan Supply Co.,Mobile,Parts,A,96.0,2.5,5% Preferred Partner,Next-Day Air
Summit Logistics Group,Mobile,Parts,B,93.6,2.1,No Auth Discount,Standard (3-5 Days)
Advanced Supply LLC,Mobile,Parts,B,92.6,1.1,No Auth Discount,2-Day Priority
Precision Supply Global,Mobile,Parts,B,96.2,1.7,No Auth Discount,2-Day Priority
Smart Logistics Ltd.,Mobile,Parts,A,97.5,1.5,5% Preferred Partner,Standard (3-5 Days)
Dynamic Services Global,Mobile,Parts,B,92.4,1.9,No Auth Discount,Next-Day Air
Omni Manufacturing Inc.,Mobile,Parts,A+,91.4,2.4,10% Enterprise Vol,Standard (3-5 Days)
Advanced Dynamics Group,Mobile,Parts,B+,95.7,2.2,Net-30 Terms,Next-Day Air
Industrial Enterprises Global,Mobile,Parts,A+,99.0,3.0,10% Enterprise Vol,Standard (3-5 Days)
Core Industries Group,Mobile,Parts,A,91.2,2.7,5% Preferred Partner,Standard (3-5 Days)
Unified Systems LLC,Mobile,Parts,B,91.3,1.3,No Auth Discount,Next-Day Air
Structural Services Global,Mobile,Parts,B,96.4,2.9,No Auth Discount,2-Day Priority
Summit Dynamics Group,Mobile,Parts,A,90.1,2.1,5% Preferred Partner,Standard (3-5 Days)
Elite Networks Ltd.,Mobile,Parts,B+,91.0,2.0,Net-30 Terms,2-Day Priority
Structural Systems LLC,Mobile,Product,A,90.6,1.1,5% Preferred Partner,2-Day Priority
Smart Manufacturing Global,Mobile,Product,A+,98.5,3.0,10% Enterprise Vol,Standard (3-5 Days)
Prime Works Ltd.,Mobile,Product,A+,93.1,3.6,10% Enterprise Vol,Standard (3-5 Days)
Eco Resources LLC,Mobile,Product,B,93.1,3.1,No Auth Discount,Next-Day Air
Structural Logistics International,Mobile,Product,B+,95.1,3.6,Net-30 Terms,Standard (3-5 Days)
Omni Resources Global,Mobile,Product,A+,98.3,1.8,10% Enterprise Vol,Standard (3-5 Days)
Core Industries Group,Mobile,Product,A,91.2,2.7,5% Preferred Partner,Standard (3-5 Days)
Global Manufacturing Corp.,Mobile,Product,B+,92.0,1.0,Net-30 Terms,Next-Day Air
Smart Engineering Corp.,Mobile,Product,A,95.4,3.9,5% Preferred Partner,Standard (3-5 Days)
Summit Networks Partners,Mobile,Product,B+,92.9,2.4,Net-30 Terms,Standard (3-5 Days)
Omni Systems LLC,Mobile,Product,B+,91.2,3.2,Net-30 Terms,2-Day Priority
Structural Dynamics Inc.,Mobile,Product,B+,92.7,3.2,Net-30 Terms,2-Day Priority
Precision Supply Ltd.,Mobile,Product,A,96.7,3.7,5% Preferred Partner,Next-Day Air
Vortex Engineering Corp.,Mobile,Product,B,98.9,1.9,No Auth Discount,Next-Day Air
Core Resources Global,Mobile,Product,A,90.7,2.7,5% Preferred Partner,Standard (3-5 Days)
Elite Systems Partners,Mobile,Product,A+,91.7,2.2,10% Enterprise Vol,Next-Day Air
Unified Tech Global,Mobile,Product,A+,98.2,1.2,10% Enterprise Vol,Standard (3-5 Days)
Prime Services Group,Mobile,Product,B,96.3,3.3,No Auth Discount,Standard (3-5 Days)
Precision Supply Partners,Mobile,Product,A+,98.1,3.6,10% Enterprise Vol,Standard (3-5 Days)
Eco Enterprises Co.,Mobile,Product,A,93.7,1.7,5% Preferred Partner,2-Day Priority
Vortex Engineering Co.,Mobile,Product,A+,91.3,3.8,10% Enterprise Vol,2-Day Priority
Smart Resources Global,Mobile,Product,A+,98.2,3.2,10% Enterprise Vol,2-Day Priority
Prime Engineering Co.,Mobile,Product,A,96.3,1.3,5% Preferred Partner,Next-Day Air
Titan Works Solutions,Mobile,Product,A,90.7,2.7,5% Preferred Partner,Standard (3-5 Days)
Eco Parts Solutions,Mobile,Product,B+,98.6,1.6,Net-30 Terms,Next-Day Air
Global Enterprises Partners,Mobile,Product,A+,95.6,2.6,10% Enterprise Vol,2-Day Priority
Elite Engineering Corp.,Mobile,Product,A+,90.5,2.0,10% Enterprise Vol,2-Day Priority
Apex Manufacturing Inc.,Mobile,Product,A+,96.2,2.2,10% Enterprise Vol,Next-Day Air
Apex Solutions Inc.,Mobile,Product,B+,97.2,2.2,Net-30 Terms,Next-Day Air
Vortex Enterprises LLC,Mobile,Product,B,93.8,3.3,No Auth Discount,Standard (3-5 Days)
Smart Components Group,Mobile,Product,B+,91.4,1.4,Net-30 Terms,2-Day Priority
Optimal Resources Corp.,Mobile,Product,B+,92.6,2.6,Net-30 Terms,2-Day Priority
Omni Supply Group,Mobile,Product,A,91.5,2.5,5% Preferred Partner,Next-Day Air
Unified Parts International,Mobile,Product,B,99.1,2.1,No Auth Discount,Standard (3-5 Days)
Rapid Resources Group,Mobile,Product,A+,93.0,2.0,10% Enterprise Vol,2-Day Priority
Rapid Enterprises Co.,Mobile,Product,B+,97.5,1.0,Net-30 Terms,Next-Day Air
Omni Engineering Ltd.,Mobile,Product,B+,91.5,1.0,Net-30 Terms,Next-Day Air
Structural Networks Inc.,Mobile,Product,A+,94.6,3.6,10% Enterprise Vol,Standard (3-5 Days)
Advanced Enterprises Solutions,Mobile,Product,B+,94.4,3.4,Net-30 Terms,Next-Day Air
Titan Enterprises Co.,Mobile,Product,B+,97.0,3.0,Net-30 Terms,Standard (3-5 Days)
Unified Parts Group,Mobile,Product,A+,96.9,2.4,10% Enterprise Vol,Standard (3-5 Days)
Structural Works Inc.,Mobile,Product,A+,95.4,3.4,10% Enterprise Vol,Next-Day Air
Summit Industries Inc.,Mobile,Product,B,93.5,2.5,No Auth Discount,Next-Day Air
Nexus Tech Corp.,Mobile,Product,A,91.2,3.7,5% Preferred Partner,Next-Day Air
Smart Parts Solutions,Mobile,Product,A+,92.0,3.0,10% Enterprise Vol,Standard (3-5 Days)
Apex Solutions Global,Mobile,Product,A+,91.5,3.0,10% Enterprise Vol,Standard (3-5 Days)
Smart Supply LLC,Mobile,Product,B+,97.6,2.6,Net-30 Terms,2-Day Priority
Smart Solutions Solutions,Mobile,Product,B+,96.3,3.8,Net-30 Terms,2-Day Priority
Vortex Resources Ltd.,Mobile,Product,A,90.3,2.3,5% Preferred Partner,2-Day Priority
Prime Logistics LLC,Mobile,Product,B,91.7,3.7,No Auth Discount,Next-Day Air
Summit Supply Partners,Mobile,Product,A+,94.3,3.8,10% Enterprise Vol,2-Day Priority
Titan Components Inc.,Mobile,Product,A,92.6,2.1,5% Preferred Partner,Standard (3-5 Days)
Elite Tech Global,Mobile,Product,A,90.9,2.9,5% Preferred Partner,2-Day Priority
Eco Dynamics Solutions,Mobile,Product,A,90.3,2.3,5% Preferred Partner,2-Day Priority
Apex Dynamics Group,Mobile,Product,B,93.5,3.5,No Auth Discount,2-Day Priority
Elite Services LLC,Mobile,Product,A+,91.4,2.4,10% Enterprise Vol,Standard (3-5 Days)
Rapid Systems Global,Mobile,Product,A,90.0,2.5,5% Preferred Partner,Next-Day Air
Advanced Industries International,Mobile,Product,B+,95.6,3.6,Net-30 Terms,Standard (3-5 Days)
Omni Enterprises Co.,Mobile,Product,A,91.5,1.5,5% Preferred Partner,Standard (3-5 Days)
Apex Components Inc.,Mobile,Product,A,96.6,1.1,5% Preferred Partner,2-Day Priority
Smart Logistics Corp.,Mobile,Product,B+,92.0,3.0,Net-30 Terms,Standard (3-5 Days)
Smart Services Corp.,Mobile,Product,B+,96.6,2.6,Net-30 Terms,2-Day Priority
Core Engineering Inc.,Mobile,Product,B+,97.6,3.6,Net-30 Terms,Standard (3-5 Days)
Dynamic Supply Inc.,Mobile,Product,B,94.7,2.7,No Auth Discount,Standard (3-5 Days)
Vortex Components Partners,Mobile,Product,A+,96.2,1.2,10% Enterprise Vol,Standard (3-5 Days)
Vortex Solutions LLC,Mobile,Product,B,92.4,2.9,No Auth Discount,2-Day Priority
Structural Parts Solutions,Mobile,Product,B,92.9,2.9,No Auth Discount,2-Day Priority
Global Parts Inc.,Mobile,Product,B+,92.6,1.6,Net-30 Terms,Next-Day Air
Dynamic Dynamics Co.,Mobile,Product,B,94.5,1.5,No Auth Discount,Standard (3-5 Days)
Prime Industries Solutions,Mobile,Product,A,93.5,2.5,5% Preferred Partner,Next-Day Air
Structural Supply Global,Mobile,Product,B+,93.5,3.0,Net-30 Terms,Standard (3-5 Days)
Core Networks Corp.,Mobile,Product,B+,98.6,1.6,Net-30 Terms,Next-Day Air
Global Services Global,Mobile,Product,A+,91.9,3.4,10% Enterprise Vol,Next-Day Air
Global Supply LLC,Mobile,Product,A+,90.9,1.4,10% Enterprise Vol,2-Day Priority
Industrial Systems Group,Mobile,Product,A,97.1,3.1,5% Preferred Partner,Next-Day Air
Optimal Solutions Solutions,Mobile,Product,A+,93.7,2.2,10% Enterprise Vol,Next-Day Air
Titan Networks Partners,Mobile,Product,B,93.2,3.7,No Auth Discount,Next-Day Air
Advanced Manufacturing LLC,Mobile,Product,A,94.6,1.1,5% Preferred Partner,2-Day Priority
Eco Resources Ltd.,Mobile,Product,B+,90.7,3.2,Net-30 Terms,2-Day Priority
Elite Supply Group,Mobile,Product,A,93.5,3.5,5% Preferred Partner,2-Day Priority
Smart Parts International,Mobile,Product,A,95.4,2.9,5% Preferred Partner,2-Day Priority
Eco Networks LLC,Mobile,Product,B,98.1,3.1,No Auth Discount,Next-Day Air
Structural Tech Inc.,Mobile,Product,B,95.8,1.3,No Auth Discount,Next-Day Air
Prime Tech Partners,Mobile,Product,B+,93.4,1.4,Net-30 Terms,2-Day Priority
Summit Logistics Ltd.,Mobile,Product,A+,91.9,2.4,10% Enterprise Vol,Standard (3-5 Days)
Optimal Solutions Co.,Mobile,Product,A,95.9,2.9,5% Preferred Partner,2-Day Priority
Vortex Resources Solutions,Mobile,Product,A+,99.0,3.0,10% Enterprise Vol,Standard (3-5 Days)
Optimal Engineering Global,Mobile,Product,B+,96.4,2.4,Net-30 Terms,Standard (3-5 Days)
Dynamic Works Inc.,Mobile,Product,A+,97.2,2.2,10% Enterprise Vol,Next-Day Air
Structural Components Group,Mobile,Product,A,93.7,3.7,5% Preferred Partner,Next-Day Air
Global Engineering Corp.,Mobile,Product,B,90.5,3.5,No Auth Discount,2-Day Priority
Structural Solutions LLC,Mobile,Product,B+,91.7,2.2,Net-30 Terms,Next-Day Air
Core Enterprises Group,Mobile,Product,A+,94.0,1.0,10% Enterprise Vol,Next-Day Air
Core Resources Solutions,Mobile,Product,A,93.7,2.7,5% Preferred Partner,Standard (3-5 Days)
Omni Enterprises LLC,Mobile,Product,A,91.7,3.7,5% Preferred Partner,Next-Day Air
Industrial Networks Global,Mobile,Product,A,91.1,2.1,5% Preferred Partner,Standard (3-5 Days)
Optimal Networks Inc.,Mobile,Product,B+,94.1,2.6,Net-30 Terms,2-Day Priority
Eco Solutions International,Mobile,Product,B+,92.3,1.8,Net-30 Terms,Standard (3-5 Days)
Summit Industries Partners,Mobile,Product,A+,90.3,3.8,10% Enterprise Vol,2-Day Priority
Industrial Solutions Inc.,Mobile,Product,A+,94.6,3.6,10% Enterprise Vol,Standard (3-5 Days)
Rapid Systems Co.,Mobile,Product,B+,96.8,3.8,Net-30 Terms,2-Day Priority
Omni Supply Co.,Mobile,Product,A,95.5,3.5,5% Preferred Partner,2-Day Priority
Titan Systems Partners,Mobile,Product,A+,99.3,1.8,10% Enterprise Vol,Standard (3-5 Days)
Nexus Parts LLC,Mobile,Product,B+,98.1,1.6,Net-30 Terms,Next-Day Air
Advanced Tech LLC,Mobile,Product,B,98.1,1.1,No Auth Discount,2-Day Priority
Smart Supply Ltd.,Mobile,Product,A+,96.4,3.4,10% Enterprise Vol,Next-Day Air
Global Logistics Inc.,Mobile,Product,B,95.6,2.1,No Auth Discount,Standard (3-5 Days)
Omni Dynamics Corp.,Mobile,Product,A,97.2,3.7,5% Preferred Partner,Next-Day Air
Optimal Services LLC,Mobile,Product,B+,90.2,3.2,Net-30 Terms,2-Day Priority
Prime Solutions Ltd.,Mobile,Product,B,97.3,1.3,No Auth Discount,Next-Day Air
Apex Parts Global,Mobile,Product,B,94.8,3.3,No Auth Discount,Standard (3-5 Days)
Advanced Enterprises LLC,Mobile,Product,B+,94.1,2.6,Net-30 Terms,2-Day Priority
Rapid Dynamics Co.,Mobile,Product,A,97.9,3.9,5% Preferred Partner,Standard (3-5 Days)
Advanced Parts Ltd.,Mobile,Product,B,93.8,1.3,No Auth Discount,Next-Day Air
Precision Tech Corp.,Mobile,Product,A,97.8,2.3,5% Preferred Partner,2-Day Priority
Summit Parts Co.,Mobile,Product,A+,94.7,2.2,10% Enterprise Vol,Next-Day Air
Eco Logistics Global,Mobile,Product,A,98.2,1.7,5% Preferred Partner,2-Day Priority
